time,IRS1,IRS1a,pIRS1,PI3K,pPI3K,PIP2,PIP3,PDK1,PDK1_PIP3,Akt,Akt_PIP3,pAkt,Akti,TSC2,pTSC2,TSC2i,RhebGDP,RhebGTP,mTORC1cyt,mTORC1lys,RAG_GDP,RAG_GTP,mTORC1i,mTORC1ii,mTORC1iii,FourEBP1,pFourEBP1,S6K,pS6K,AMPK,PKC,pAMPKi,pAMPK,CaMKK2a,CaMKK2,LKB1a,LKB1,RTK,pRTK,Sos,pRTKa,Raf,pRaf,Mek,pMek,Erk,pErk,Meki,PLCeps,pPLCeps,IP3,DAG,IpR,IpRa,Ca2,DUSPmRNA,DUSP,PI3Ki,RasGDP,RasGTP,pmTORC1,PKCa,pSos,PTEN,AMP,ATP,ADP,Insulin,AA,AZD,EGF,PMA,kIRS1In,kIRS1Out,kIRS1Act,kIRS1Inact,kIRS1Phos,kIRS1Dephos,kPI3KPhosByIRS,kPI3KDephos,kPI3KPhosByRas,kPI3KBindWort,kPI3KUnbindWort,kPIPPhos,kPIPDephos,kPDK1BindPIP3,kPDK1UnbindPIP3,kAktBindPIP3,kAktUnbindPIP3,kAktPhos,kAktDephos,kAktBindMK,kTSC2Phos,kTSC2Dephos,kRhebLoad,kRhebUnload,kmTORC1CytToLys,kmTORC1LysToCyt,kRAGPhos,kRAGDephos,kmTORC1Phos,kmTORC1Dephos,kmTORC1BindRapa,kmTORC1UnbindRapa,k4EBP1Phos,k4EBP1Dephos,kS6KPhos,kS6KDehos,kAMPKInhibPhosByAkt,kAMPKInhibPhosByS6K,kAMPKDephos,kAMPKActByCaMKK2,kAMPKActByLKB1,kAMPKInact,kCaMKK2Act,kCaMKK2Inact,kAMPPhos,kADPDephos,kADPPhos,kATPDephos,kPKCAct,kPKCActByPMA,kPKCInact,kLKB1Act,kLKB1Inact,kTKRBindEGF,kTKRUnbindEGF,kTKRBindSOS,kTKRUnbindSOS,kSOSPhos,kSOSDephos,kRasLoadByRTK,kRasLoadByPKC,kRasUnload,kRafPhos,kRafDephos,kRafDephosByAkt,kMekPhos,kMekDephos,kErkPhos,kErkDephos,kMekBindAzd,kMekUnbindAzd,kPLCPhos,kPLCDephos,kPLCPhosBasal,kPIP2Break,kPIP2form,kIP3BindIpR,kIP3UnbindIpR,kCa2In,kCa2Out,kDUSPmRNAIn,kDUSPmRNAOut,kDUSPIn,kDUSPOut,kTSC2InhibitByAAf,kTSC2InhibitByAAb
0.0,10.001,0.0,0.0,10.001,0.0,100.001,0.0,10.001,0.0,10.001,0.0,0.0,0.0,10.001,0.0,0.0,10.002,0.0,10.001,0.0,10.001,0.0,0.0,0.0,0.0,10.001,0.0,10.001,0.0,10.001,10.001,0.0,0.0,0.0,10.001,0.0,10.001,10.001,0.0,10.001,0.0,10.001,0.0,10.001,0.0,10.001,0.0,0.0,10.001,0.0,0.0,0.0,10.001,0.0,0.0,0.0,0.0,0.0,10.002,0.0,0.0,0.0,0.0,1.0,0.0,10.0,0.0,0.0,1.0,0.0,0.0,0.0,1.0,0.1,0.1,0.1,0.1,0.1,0.1,0.1,0.01,10.0,0.1,0.1,0.1,0.01,0.1,0.1,0.1,0.1,0.1,10.0,0.1,0.1,2.5,5.0,2.0,0.1,0.1,0.1,0.01,0.1,10.0,0.1,0.1,0.1,0.4,0.1,0.1,0.1,0.1,0.1,0.1,0.1,0.1,0.1,0.1,0.1,0.1,0.1,0.1,0.2,0.1,0.1,0.1,1.0,0.1,0.1,0.1,1.0,0.1,0.1,0.1,0.1,0.1,0.1,0.1,0.1,0.1,0.01,0.1,10.0,0.1,0.1,0.1,0.005,0.001,0.1,0.1,0.1,0.1,0.1,0.001,0.1,0.1,0.01,0.1,0.1
1.0,10.000904837418048,0.0,0.0,10.001,0.0,100.001,0.0,10.001,0.0,10.001,0.0,0.0,0.0,10.001,0.0,0.0,9.525838952029874,0.4761610479701224,9.107933962308314,0.8915372161197188,9.946977219187286,0.05402278081271489,0.0,0.0,0.0,10.000485273993707,0.0005147260062985786,9.998941257210351,0.0020587427896439493,10.000490451739347,10.001,0.0005095482606430868,0.0,0.0,10.001,0.0,10.001,10.001,0.0,10.001,0.0,10.001,0.0,10.001,0.0,10.001,0.0,0.0,10.001,0.0,0.0,0.0,10.001,0.0,0.0,0.0,0.0,0.0,10.002,0.0,0.001528821571971802,0.0,0.0,1.0,0.0,10.0,0.0,0.0,1.0,0.0,0.0,0.0,1.0,0.1,0.1,0.1,0.1,0.1,0.1,0.1,0.01,10.0,0.1,0.1,0.1,0.01,0.1,0.1,0.1,0.1,0.1,10.0,0.1,0.1,2.5,5.0,2.0,0.1,0.1,0.1,0.01,0.1,10.0,0.1,0.1,0.1,0.4,0.1,0.1,0.1,0.1,0.1,0.1,0.1,0.1,0.1,0.1,0.1,0.1,0.1,0.1,0.2,0.1,0.1,0.1,1.0,0.1,0.1,0.1,1.0,0.1,0.1,0.1,0.1,0.1,0.1,0.1,0.1,0.1,0.01,0.1,10.0,0.1,0.1,0.1,0.005,0.001,0.1,0.1,0.1,0.1,0.1,0.001,0.1,0.1,0.01,0.1,0.1
2.0,10.000818730753085,0.0,0.0,10.001,0.0,100.001,0.0,10.001,0.0,10.001,0.0,0.0,0.0,10.001,0.0,0.0,9.52591596147829,0.4760840385217065,8.256918216370408,1.7393291793612662,9.941505891216668,0.059494108783330876,0.0,0.0,0.0,9.997582988454978,0.003417011545030816,9.987339173424777,0.013660826575219437,9.993904750673135,10.001,0.007095249326853351,0.0,0.0,10.001,0.0,10.001,10.001,0.0,10.001,0.0,10.001,0.0,10.001,0.0,10.001,0.0,0.0,10.001,0.0,0.0,0.0,10.001,0.0,0.0,0.0,0.0,0.0,10.002,0.0,0.0047526042682661,0.0,0.0,1.0,0.0,10.0,0.0,0.0,1.0,0.0,0.0,0.0,1.0,0.1,0.1,0.1,0.1,0.1,0.1,0.1,0.01,10.0,0.1,0.1,0.1,0.01,0.1,0.1,0.1,0.1,0.1,10.0,0.1,0.1,2.5,5.0,2.0,0.1,0.1,0.1,0.01,0.1,10.0,0.1,0.1,0.1,0.4,0.1,0.1,0.1,0.1,0.1,0.1,0.1,0.1,0.1,0.1,0.1,0.1,0.1,0.1,0.2,0.1,0.1,0.1,1.0,0.1,0.1,0.1,1.0,0.1,0.1,0.1,0.1,0.1,0.1,0.1,0.1,0.1,0.01,0.1,10.0,0.1,0.1,0.1,0.005,0.001,0.1,0.1,0.1,0.1,0.1,0.001,0.1,0.1,0.01,0.1,0.1
3.0,10.000740818220418,0.0,0.0,10.001,0.0,100.001,0.0,10.001,0.0,10.001,0.0,0.0,0.0,10.001,0.0,0.0,9.525985445915435,0.4760145540845652,7.488143433365636,2.5045069474492947,9.9355139867638,0.06548601323619742,0.0,0.0,0.0,9.991653339382275,0.009346660617734056,9.96366827544096,0.03733172455903651,9.971118384316114,10.001,0.029881615683872934,0.0,0.0,10.001,0.0,10.001,10.001,0.0,10.001,0.0,10.001,0.0,10.001,0.0,10.001,0.0,0.0,10.001,0.0,0.0,0.0,10.001,0.0,0.0,0.0,0.0,0.0,10.002,0.0,0.00834961918499387,0.0,0.0,1.0,0.0,10.0,0.0,0.0,1.0,0.0,0.0,0.0,1.0,0.1,0.1,0.1,0.1,0.1,0.1,0.1,0.01,10.0,0.1,0.1,0.1,0.01,0.1,0.1,0.1,0.1,0.1,10.0,0.1,0.1,2.5,5.0,2.0,0.1,0.1,0.1,0.01,0.1,10.0,0.1,0.1,0.1,0.4,0.1,0.1,0.1,0.1,0.1,0.1,0.1,0.1,0.1,0.1,0.1,0.1,0.1,0.1,0.2,0.1,0.1,0.1,1.0,0.1,0.1,0.1,1.0,0.1,0.1,0.1,0.1,0.1,0.1,0.1,0.1,0.1,0.01,0.1,10.0,0.1,0.1,0.1,0.005,0.001,0.1,0.1,0.1,0.1,0.1,0.001,0.1,0.1,0.01,0.1,0.1
4.0,10.00067032004453,0.0,0.0,10.001,0.0,100.001,0.0,10.001,0.0,10.001,0.0,0.0,0.0,10.001,0.0,0.0,9.526048150590476,0.47595184940952323,6.793914538034071,3.1952147032595675,9.928961546809504,0.07203845319049346,0.0,0.0,0.0,9.9828925894651,0.018107410534910412,9.928779970719708,0.07222002928029053,9.922659063960607,10.001,0.0783409360393802,0.0,0.0,10.001,0.0,10.001,10.001,0.0,10.001,0.0,10.001,0.0,10.001,0.0,10.001,0.0,0.0,10.001,0.0,0.0,0.0,10.001,0.0,0.0,0.0,0.0,0.0,10.002,0.0,0.011870758706281005,0.0,0.0,1.0,0.0,10.0,0.0,0.0,1.0,0.0,0.0,0.0,1.0,0.1,0.1,0.1,0.1,0.1,0.1,0.1,0.01,10.0,0.1,0.1,0.1,0.01,0.1,0.1,0.1,0.1,0.1,10.0,0.1,0.1,2.5,5.0,2.0,0.1,0.1,0.1,0.01,0.1,10.0,0.1,0.1,0.1,0.4,0.1,0.1,0.1,0.1,0.1,0.1,0.1,0.1,0.1,0.1,0.1,0.1,0.1,0.1,0.2,0.1,0.1,0.1,1.0,0.1,0.1,0.1,1.0,0.1,0.1,0.1,0.1,0.1,0.1,0.1,0.1,0.1,0.01,0.1,10.0,0.1,0.1,0.1,0.005,0.001,0.1,0.1,0.1,0.1,0.1,0.001,0.1,0.1,0.01,0.1,0.1
5.0,10.00060653065829,0.0,0.0,10.001,0.0,100.001,0.0,10.001,0.0,10.001,0.0,0.0,0.0,10.001,0.0,0.0,9.52610472118316,0.47589527881683985,6.1673008386493215,3.8185050906469633,9.92180854041824,0.07919145958175323,0.0,0.0,0.0,9.971724354306579,0.029275645693430143,9.88445464863159,0.11654535136840997,9.841681896473377,10.001,0.15931810352660886,0.0,0.0,10.001,0.0,10.001,10.001,0.0,10.001,0.0,10.001,0.0,10.001,0.0,10.001,0.0,0.0,10.001,0.0,0.0,0.0,10.001,0.0,0.0,0.0,0.0,0.0,10.002,0.0,0.015194070703636996,0.0,0.0,1.0,0.0,10.0,0.0,0.0,1.0,0.0,0.0,0.0,1.0,0.1,0.1,0.1,0.1,0.1,0.1,0.1,0.01,10.0,0.1,0.1,0.1,0.01,0.1,0.1,0.1,0.1,0.1,10.0,0.1,0.1,2.5,5.0,2.0,0.1,0.1,0.1,0.01,0.1,10.0,0.1,0.1,0.1,0.4,0.1,0.1,0.1,0.1,0.1,0.1,0.1,0.1,0.1,0.1,0.1,0.1,0.1,0.1,0.2,0.1,0.1,0.1,1.0,0.1,0.1,0.1,1.0,0.1,0.1,0.1,0.1,0.1,0.1,0.1,0.1,0.1,0.01,0.1,10.0,0.1,0.1,0.1,0.005,0.001,0.1,0.1,0.1,0.1,0.1,0.001,0.1,0.1,0.01,0.1,0.1
6.0,10.000548811634712,0.0,0.0,10.001,0.0,100.001,0.0,10.001,0.0,10.001,0.0,0.0,0.0,10.001,0.0,0.0,9.526155730374306,0.47584426962569276,5.602042663107387,4.380640636191897,9.914015880615462,0.08698411938453081,0.0,0.0,0.0,9.958581990634155,0.04241800936585438,9.832517421553987,0.16848257844601147,9.724307055863195,10.001,0.27669294413678985,0.0,0.0,10.001,0.0,10.001,10.001,0.0,10.001,0.0,10.001,0.0,10.001,0.0,10.001,0.0,0.0,10.001,0.0,0.0,0.0,10.001,0.0,0.0,0.0,0.0,0.0,10.002,0.0,0.018316700700651084,0.0,0.0,1.0,0.0,10.0,0.0,0.0,1.0,0.0,0.0,0.0,1.0,0.1,0.1,0.1,0.1,0.1,0.1,0.1,0.01,10.0,0.1,0.1,0.1,0.01,0.1,0.1,0.1,0.1,0.1,10.0,0.1,0.1,2.5,5.0,2.0,0.1,0.1,0.1,0.01,0.1,10.0,0.1,0.1,0.1,0.4,0.1,0.1,0.1,0.1,0.1,0.1,0.1,0.1,0.1,0.1,0.1,0.1,0.1,0.1,0.2,0.1,0.1,0.1,1.0,0.1,0.1,0.1,1.0,0.1,0.1,0.1,0.1,0.1,0.1,0.1,0.1,0.1,0.01,0.1,10.0,0.1,0.1,0.1,0.005,0.001,0.1,0.1,0.1,0.1,0.1,0.001,0.1,0.1,0.01,0.1,0.1
7.0,10.000496585303079,0.0,0.0,10.001,0.0,100.001,0.0,10.001,0.0,10.001,0.0,0.0,0.0,10.001,0.0,0.0,9.526201691868726,0.4757983081312722,5.09247922232285,4.887244686322825,9.905546617291867,0.09545338270812513,0.0,0.0,0.0,9.943837744447352,0.05716225555265762,9.774546435061282,0.22645356493871446,9.569360860560817,10.001,0.4316391394391684,0.0,0.0,10.001,0.0,10.001,10.001,0.0,10.001,0.0,10.001,0.0,10.001,0.0,10.001,0.0,0.0,10.001,0.0,0.0,0.0,10.001,0.0,0.0,0.0,0.0,0.0,10.002,0.0,0.021276091354273514,0.0,0.0,1.0,0.0,10.0,0.0,0.0,1.0,0.0,0.0,0.0,1.0,0.1,0.1,0.1,0.1,0.1,0.1,0.1,0.01,10.0,0.1,0.1,0.1,0.01,0.1,0.1,0.1,0.1,0.1,10.0,0.1,0.1,2.5,5.0,2.0,0.1,0.1,0.1,0.01,0.1,10.0,0.1,0.1,0.1,0.4,0.1,0.1,0.1,0.1,0.1,0.1,0.1,0.1,0.1,0.1,0.1,0.1,0.1,0.1,0.2,0.1,0.1,0.1,1.0,0.1,0.1,0.1,1.0,0.1,0.1,0.1,0.1,0.1,0.1,0.1,0.1,0.1,0.01,0.1,10.0,0.1,0.1,0.1,0.005,0.001,0.1,0.1,0.1,0.1,0.1,0.001,0.1,0.1,0.01,0.1,0.1
8.0,10.000449328963906,0.0,0.0,10.001,0.0,100.001,0.0,10.001,0.0,10.001,0.0,0.0,0.0,10.001,0.0,0.0,9.526243068843133,0.4757569311568648,4.633488056545955,5.34339195055303,9.89636682557918,0.1046331744208114,0.0,0.0,0.0,9.927786898268824,0.07321310173118684,9.711806176462842,0.28919382353715434,9.37790842008176,10.001,0.6230915799182247,0.0,0.0,10.001,0.0,10.001,10.001,0.0,10.001,0.0,10.001,0.0,10.001,0.0,10.001,0.0,0.0,10.001,0.0,0.0,0.0,10.001,0.0,0.0,0.0,0.0,0.0,10.002,0.0,0.024119992900967724,0.0,0.0,1.0,0.0,10.0,0.0,0.0,1.0,0.0,0.0,0.0,1.0,0.1,0.1,0.1,0.1,0.1,0.1,0.1,0.01,10.0,0.1,0.1,0.1,0.01,0.1,0.1,0.1,0.1,0.1,10.0,0.1,0.1,2.5,5.0,2.0,0.1,0.1,0.1,0.01,0.1,10.0,0.1,0.1,0.1,0.4,0.1,0.1,0.1,0.1,0.1,0.1,0.1,0.1,0.1,0.1,0.1,0.1,0.1,0.1,0.2,0.1,0.1,0.1,1.0,0.1,0.1,0.1,1.0,0.1,0.1,0.1,0.1,0.1,0.1,0.1,0.1,0.1,0.01,0.1,10.0,0.1,0.1,0.1,0.005,0.001,0.1,0.1,0.1,0.1,0.1,0.001,0.1,0.1,0.01,0.1,0.1
9.0,10.000406569659955,0.0,0.0,10.001,0.0,100.001,0.0,10.001,0.0,10.001,0.0,0.0,0.0,10.001,0.0,0.0,9.52628028020128,0.4757197197987174,4.220429405196421,5.753675538930334,9.886448929331044,0.11455107066894693,0.0,0.0,0.0,9.9106515243564,0.09034847564361137,9.645262310859131,0.3557376891408668,9.152737751823762,10.001,0.8482622481762233,0.0,0.0,10.001,0.0,10.001,10.001,0.0,10.001,0.0,10.001,0.0,10.001,0.0,10.001,0.0,0.0,10.001,0.0,0.0,0.0,10.001,0.0,0.0,0.0,0.0,0.0,10.002,0.0,0.02689505587319957,0.0,0.0,1.0,0.0,10.0,0.0,0.0,1.0,0.0,0.0,0.0,1.0,0.1,0.1,0.1,0.1,0.1,0.1,0.1,0.01,10.0,0.1,0.1,0.1,0.01,0.1,0.1,0.1,0.1,0.1,10.0,0.1,0.1,2.5,5.0,2.0,0.1,0.1,0.1,0.01,0.1,10.0,0.1,0.1,0.1,0.4,0.1,0.1,0.1,0.1,0.1,0.1,0.1,0.1,0.1,0.1,0.1,0.1,0.1,0.1,0.2,0.1,0.1,0.1,1.0,0.1,0.1,0.1,1.0,0.1,0.1,0.1,0.1,0.1,0.1,0.1,0.1,0.1,0.01,0.1,10.0,0.1,0.1,0.1,0.005,0.001,0.1,0.1,0.1,0.1,0.1,0.001,0.1,0.1,0.01,0.1,0.1
10.0,10.000367879441734,0.0,0.0,10.001,0.0,100.001,0.0,10.001,0.0,10.001,0.0,0.0,0.0,10.001,0.0,0.0,9.526313705919113,0.4756862940808837,3.8490912843816054,6.122265709671597,9.875779831199637,0.12522016880035539,0.0,0.0,0.0,9.892590833368178,0.10840916663183336,9.575624527087031,0.42537547291296585,8.89786051711881,10.001,1.1031394828811738,0.0,0.0,10.001,0.0,10.001,10.001,0.0,10.001,0.0,10.001,0.0,10.001,0.0,10.001,0.0,0.0,10.001,0.0,0.0,0.0,10.001,0.0,0.0,0.0,0.0,0.0,10.002,0.0,0.029643005946751982,0.0,0.0,1.0,0.0,10.0,0.0,0.0,1.0,0.0,0.0,0.0,1.0,0.1,0.1,0.1,0.1,0.1,0.1,0.1,0.01,10.0,0.1,0.1,0.1,0.01,0.1,0.1,0.1,0.1,0.1,10.0,0.1,0.1,2.5,5.0,2.0,0.1,0.1,0.1,0.01,0.1,10.0,0.1,0.1,0.1,0.4,0.1,0.1,0.1,0.1,0.1,0.1,0.1,0.1,0.1,0.1,0.1,0.1,0.1,0.1,0.2,0.1,0.1,0.1,1.0,0.1,0.1,0.1,1.0,0.1,0.1,0.1,0.1,0.1,0.1,0.1,0.1,0.1,0.01,0.1,10.0,0.1,0.1,0.1,0.005,0.001,0.1,0.1,0.1,0.1,0.1,0.001,0.1,0.1,0.01,0.1,0.1
11.0,10.000332871084465,0.0,0.0,10.001,0.0,100.001,0.0,10.001,0.0,10.001,0.0,0.0,0.0,10.001,0.0,0.0,9.526343688844662,0.4756563111553358,3.515673354257784,6.452926976279542,9.864334572809183,0.13666542719081035,0.0,0.0,0.0,9.87371259345934,0.12728740654066953,9.503394291962454,0.4976057080375419,8.618063678392561,10.001,1.3829363216074222,0.0,0.0,10.001,0.0,10.001,10.001,0.0,10.001,0.0,10.001,0.0,10.001,0.0,10.001,0.0,0.0,10.001,0.0,0.0,0.0,10.001,0.0,0.0,0.0,0.0,0.0,10.002,0.0,0.032399669462628226,0.0,0.0,1.0,0.0,10.0,0.0,0.0,1.0,0.0,0.0,0.0,1.0,0.1,0.1,0.1,0.1,0.1,0.1,0.1,0.01,10.0,0.1,0.1,0.1,0.01,0.1,0.1,0.1,0.1,0.1,10.0,0.1,0.1,2.5,5.0,2.0,0.1,0.1,0.1,0.01,0.1,10.0,0.1,0.1,0.1,0.4,0.1,0.1,0.1,0.1,0.1,0.1,0.1,0.1,0.1,0.1,0.1,0.1,0.1,0.1,0.2,0.1,0.1,0.1,1.0,0.1,0.1,0.1,1.0,0.1,0.1,0.1,0.1,0.1,0.1,0.1,0.1,0.1,0.01,0.1,10.0,0.1,0.1,0.1,0.005,0.001,0.1,0.1,0.1,0.1,0.1,0.001,0.1,0.1,0.01,0.1,0.1
12.0,10.000301194212625,0.0,0.0,10.001,0.0,100.001,0.0,10.001,0.0,10.001,0.0,0.0,0.0,10.001,0.0,0.0,9.526370543273542,0.4756294567264532,3.2166934177082034,6.749111437140564,9.852131220922884,0.14886877907710916,0.0,0.0,0.0,9.854083826147928,0.14691617385208403,9.428909788731413,0.5720902112685815,8.318526586715995,10.001,1.6824734132839871,0.0,0.0,10.001,0.0,10.001,10.001,0.0,10.001,0.0,10.001,0.0,10.001,0.0,10.001,0.0,0.0,10.001,0.0,0.0,0.0,10.001,0.0,0.0,0.0,0.0,0.0,10.002,0.0,0.03519514515118734,0.0,0.0,1.0,0.0,10.0,0.0,0.0,1.0,0.0,0.0,0.0,1.0,0.1,0.1,0.1,0.1,0.1,0.1,0.1,0.01,10.0,0.1,0.1,0.1,0.01,0.1,0.1,0.1,0.1,0.1,10.0,0.1,0.1,2.5,5.0,2.0,0.1,0.1,0.1,0.01,0.1,10.0,0.1,0.1,0.1,0.4,0.1,0.1,0.1,0.1,0.1,0.1,0.1,0.1,0.1,0.1,0.1,0.1,0.1,0.1,0.2,0.1,0.1,0.1,1.0,0.1,0.1,0.1,1.0,0.1,0.1,0.1,0.1,0.1,0.1,0.1,0.1,0.1,0.01,0.1,10.0,0.1,0.1,0.1,0.005,0.001,0.1,0.1,0.1,0.1,0.1,0.001,0.1,0.1,0.01,0.1,0.1
13.0,10.000272531793684,0.0,0.0,10.001,0.0,100.001,0.0,10.001,0.0,10.001,0.0,0.0,0.0,10.001,0.0,0.0,9.526394552817406,0.47560544718259246,2.9490074659390153,7.0139382361650755,9.839175699284484,0.16182430071550988,0.0,0.0,0.0,9.83374008780509,0.16725991219492062,9.352384980797266,0.6486150192027268,8.004508936424946,10.001,1.996491063575041,0.0,0.0,10.001,0.0,10.001,10.001,0.0,10.001,0.0,10.001,0.0,10.001,0.0,10.001,0.0,0.0,10.001,0.0,0.0,0.0,10.001,0.0,0.0,0.0,0.0,0.0,10.002,0.0,0.038054297895866576,0.0,0.0,1.0,0.0,10.0,0.0,0.0,1.0,0.0,0.0,0.0,1.0,0.1,0.1,0.1,0.1,0.1,0.1,0.1,0.01,10.0,0.1,0.1,0.1,0.01,0.1,0.1,0.1,0.1,0.1,10.0,0.1,0.1,2.5,5.0,2.0,0.1,0.1,0.1,0.01,0.1,10.0,0.1,0.1,0.1,0.4,0.1,0.1,0.1,0.1,0.1,0.1,0.1,0.1,0.1,0.1,0.1,0.1,0.1,0.1,0.2,0.1,0.1,0.1,1.0,0.1,0.1,0.1,1.0,0.1,0.1,0.1,0.1,0.1,0.1,0.1,0.1,0.1,0.01,0.1,10.0,0.1,0.1,0.1,0.005,0.001,0.1,0.1,0.1,0.1,0.1,0.001,0.1,0.1,0.01,0.1,0.1
14.0,10.000246596964528,0.0,0.0,10.001,0.0,100.001,0.0,10.001,0.0,10.001,0.0,0.0,0.0,10.001,0.0,0.0,9.526415978596997,0.47558402140300415,2.7097230295887322,7.25027962434603,9.825516270713635,0.17548372928635728,0.0,0.0,0.0,9.812693356715846,0.1883066432841668,9.273942746494262,0.7270572535057273,7.681108142318557,10.001,2.319891857681432,0.0,0.0,10.001,0.0,10.001,10.001,0.0,10.001,0.0,10.001,0.0,10.001,0.0,10.001,0.0,0.0,10.001,0.0,0.0,0.0,10.001,0.0,0.0,0.0,0.0,0.0,10.002,0.0,0.04099734606519481,0.0,0.0,1.0,0.0,10.0,0.0,0.0,1.0,0.0,0.0,0.0,1.0,0.1,0.1,0.1,0.1,0.1,0.1,0.1,0.01,10.0,0.1,0.1,0.1,0.01,0.1,0.1,0.1,0.1,0.1,10.0,0.1,0.1,2.5,5.0,2.0,0.1,0.1,0.1,0.01,0.1,10.0,0.1,0.1,0.1,0.4,0.1,0.1,0.1,0.1,0.1,0.1,0.1,0.1,0.1,0.1,0.1,0.1,0.1,0.1,0.2,0.1,0.1,0.1,1.0,0.1,0.1,0.1,1.0,0.1,0.1,0.1,0.1,0.1,0.1,0.1,0.1,0.1,0.01,0.1,10.0,0.1,0.1,0.1,0.005,0.001,0.1,0.1,0.1,0.1,0.1,0.001,0.1,0.1,0.01,0.1,0.1
15.0,10.00022313016068,0.0,0.0,10.001,0.0,100.001,0.0,10.001,0.0,10.001,0.0,0.0,0.0,10.001,0.0,0.0,9.526435058484655,0.4755649415153489,2.496206402778238,7.460753208218504,9.81120700630119,0.18979299369880448,0.0,0.0,0.0,9.790938617175167,0.2100613828248442,9.19364238708835,0.807357612911645,7.353081463941107,10.001,2.647918536058881,0.0,0.0,10.001,0.0,10.001,10.001,0.0,10.001,0.0,10.001,0.0,10.001,0.0,10.001,0.0,0.0,10.001,0.0,0.0,0.0,10.001,0.0,0.0,0.0,0.0,0.0,10.002,0.0,0.044040389003214865,0.0,0.0,1.0,0.0,10.0,0.0,0.0,1.0,0.0,0.0,0.0,1.0,0.1,0.1,0.1,0.1,0.1,0.1,0.1,0.01,10.0,0.1,0.1,0.1,0.01,0.1,0.1,0.1,0.1,0.1,10.0,0.1,0.1,2.5,5.0,2.0,0.1,0.1,0.1,0.01,0.1,10.0,0.1,0.1,0.1,0.4,0.1,0.1,0.1,0.1,0.1,0.1,0.1,0.1,0.1,0.1,0.1,0.1,0.1,0.1,0.2,0.1,0.1,0.1,1.0,0.1,0.1,0.1,1.0,0.1,0.1,0.1,0.1,0.1,0.1,0.1,0.1,0.1,0.01,0.1,10.0,0.1,0.1,0.1,0.005,0.001,0.1,0.1,0.1,0.1,0.1,0.001,0.1,0.1,0.01,0.1,0.1
16.0,10.000201896517982,0.0,0.0,10.001,0.0,100.001,0.0,10.001,0.0,10.001,0.0,0.0,0.0,10.001,0.0,0.0,9.526452010296602,0.4755479897034005,2.3060465956364715,7.647757550941617,9.796317056568066,0.20468294343192683,0.0,0.0,0.0,9.768459334612487,0.23254066538752577,9.111502276116084,0.8894977238839112,7.024725134534518,10.001,2.9762748654654696,0.0,0.0,10.001,0.0,10.001,10.001,0.0,10.001,0.0,10.001,0.0,10.001,0.0,10.001,0.0,0.0,10.001,0.0,0.0,0.0,10.001,0.0,0.0,0.0,0.0,0.0,10.002,0.0,0.04719585342186789,0.0,0.0,1.0,0.0,10.0,0.0,0.0,1.0,0.0,0.0,0.0,1.0,0.1,0.1,0.1,0.1,0.1,0.1,0.1,0.01,10.0,0.1,0.1,0.1,0.01,0.1,0.1,0.1,0.1,0.1,10.0,0.1,0.1,2.5,5.0,2.0,0.1,0.1,0.1,0.01,0.1,10.0,0.1,0.1,0.1,0.4,0.1,0.1,0.1,0.1,0.1,0.1,0.1,0.1,0.1,0.1,0.1,0.1,0.1,0.1,0.2,0.1,0.1,0.1,1.0,0.1,0.1,0.1,1.0,0.1,0.1,0.1,0.1,0.1,0.1,0.1,0.1,0.1,0.01,0.1,10.0,0.1,0.1,0.1,0.005,0.001,0.1,0.1,0.1,0.1,0.1,0.001,0.1,0.1,0.01,0.1,0.1
17.0,10.000182683521968,0.0,0.0,10.001,0.0,100.001,0.0,10.001,0.0,10.001,0.0,0.0,0.0,10.001,0.0,0.0,9.526467035432997,0.4755329645670063,2.137016031933116,7.813511124920645,9.780945894260046,0.22005410573994832,0.0,0.0,0.0,9.745232004803725,0.25576799519628707,9.027518379553449,0.973481620446547,6.699801879564925,10.001,3.301198120435062,0.0,0.0,10.001,0.0,10.001,10.001,0.0,10.001,0.0,10.001,0.0,10.001,0.0,10.001,0.0,0.0,10.001,0.0,0.0,0.0,10.001,0.0,0.0,0.0,0.0,0.0,10.002,0.0,0.05047284314619692,0.0,0.0,1.0,0.0,10.0,0.0,0.0,1.0,0.0,0.0,0.0,1.0,0.1,0.1,0.1,0.1,0.1,0.1,0.1,0.01,10.0,0.1,0.1,0.1,0.01,0.1,0.1,0.1,0.1,0.1,10.0,0.1,0.1,2.5,5.0,2.0,0.1,0.1,0.1,0.01,0.1,10.0,0.1,0.1,0.1,0.4,0.1,0.1,0.1,0.1,0.1,0.1,0.1,0.1,0.1,0.1,0.1,0.1,0.1,0.1,0.2,0.1,0.1,0.1,1.0,0.1,0.1,0.1,1.0,0.1,0.1,0.1,0.1,0.1,0.1,0.1,0.1,0.1,0.01,0.1,10.0,0.1,0.1,0.1,0.005,0.001,0.1,0.1,0.1,0.1,0.1,0.001,0.1,0.1,0.01,0.1,0.1
18.0,10.000165298869442,0.0,0.0,10.001,0.0,100.001,0.0,10.001,0.0,10.001,0.0,0.0,0.0,10.001,0.0,0.0,9.526480319583925,0.4755196804160789,1.987062453462009,7.960060105191299,9.76520921321271,0.23579078678728463,0.0,0.0,0.0,9.721229956398227,0.27977004360178703,8.941679371003687,1.0593206289963109,6.381507861824781,10.001,3.6194921381752065,0.0,0.0,10.001,0.0,10.001,10.001,0.0,10.001,0.0,10.001,0.0,10.001,0.0,10.001,0.0,0.0,10.001,0.0,0.0,0.0,10.001,0.0,0.0,0.0,0.0,0.0,10.002,0.0,0.053877441346649985,0.0,0.0,1.0,0.0,10.0,0.0,0.0,1.0,0.0,0.0,0.0,1.0,0.1,0.1,0.1,0.1,0.1,0.1,0.1,0.01,10.0,0.1,0.1,0.1,0.01,0.1,0.1,0.1,0.1,0.1,10.0,0.1,0.1,2.5,5.0,2.0,0.1,0.1,0.1,0.01,0.1,10.0,0.1,0.1,0.1,0.4,0.1,0.1,0.1,0.1,0.1,0.1,0.1,0.1,0.1,0.1,0.1,0.1,0.1,0.1,0.2,0.1,0.1,0.1,1.0,0.1,0.1,0.1,1.0,0.1,0.1,0.1,0.1,0.1,0.1,0.1,0.1,0.1,0.01,0.1,10.0,0.1,0.1,0.1,0.005,0.001,0.1,0.1,0.1,0.1,0.1,0.001,0.1,0.1,0.01,0.1,0.1
19.0,10.00014956858662,0.0,0.0,10.001,0.0,100.001,0.0,10.001,0.0,10.001,0.0,0.0,0.0,10.001,0.0,0.0,9.526492034096085,0.4755079659039176,1.8542940170542108,8.089293036887872,9.749234643909183,0.2517653560908116,0.0,0.0,0.0,9.696426423623649,0.30457357637636473,8.853978440782596,1.1470215592174007,6.072470412958049,10.001,3.9285295870419383,0.0,0.0,10.001,0.0,10.001,10.001,0.0,10.001,0.0,10.001,0.0,10.001,0.0,10.001,0.0,0.0,10.001,0.0,0.0,0.0,10.001,0.0,0.0,0.0,0.0,0.0,10.002,0.0,0.0574129460578744,0.0,0.0,1.0,0.0,10.0,0.0,0.0,1.0,0.0,0.0,0.0,1.0,0.1,0.1,0.1,0.1,0.1,0.1,0.1,0.01,10.0,0.1,0.1,0.1,0.01,0.1,0.1,0.1,0.1,0.1,10.0,0.1,0.1,2.5,5.0,2.0,0.1,0.1,0.1,0.01,0.1,10.0,0.1,0.1,0.1,0.4,0.1,0.1,0.1,0.1,0.1,0.1,0.1,0.1,0.1,0.1,0.1,0.1,0.1,0.1,0.2,0.1,0.1,0.1,1.0,0.1,0.1,0.1,1.0,0.1,0.1,0.1,0.1,0.1,0.1,0.1,0.1,0.1,0.01,0.1,10.0,0.1,0.1,0.1,0.005,0.001,0.1,0.1,0.1,0.1,0.1,0.001,0.1,0.1,0.01,0.1,0.1
20.0,10.000135335241033,0.0,0.0,10.001,0.0,100.001,0.0,10.001,0.0,10.001,0.0,0.0,0.0,10.001,0.0,0.0,9.526502337162102,0.4754976628379017,1.7369645705077745,8.202955377120167,9.733159425694048,0.26784057430594943,0.0,0.0,0.0,9.670797234324235,0.33020276567577955,8.764423152734116,1.2365768472658807,5.774768618641788,10.001,4.2262313813581995,0.0,0.0,10.001,0.0,10.001,10.001,0.0,10.001,0.0,10.001,0.0,10.001,0.0,10.001,0.0,0.0,10.001,0.0,0.0,0.0,10.001,0.0,0.0,0.0,0.0,0.0,10.002,0.0,0.06108005237201575,0.0,0.0,1.0,0.0,10.0,0.0,0.0,1.0,0.0,0.0,0.0,1.0,0.1,0.1,0.1,0.1,0.1,0.1,0.1,0.01,10.0,0.1,0.1,0.1,0.01,0.1,0.1,0.1,0.1,0.1,10.0,0.1,0.1,2.5,5.0,2.0,0.1,0.1,0.1,0.01,0.1,10.0,0.1,0.1,0.1,0.4,0.1,0.1,0.1,0.1,0.1,0.1,0.1,0.1,0.1,0.1,0.1,0.1,0.1,0.1,0.2,0.1,0.1,0.1,1.0,0.1,0.1,0.1,1.0,0.1,0.1,0.1,0.1,0.1,0.1,0.1,0.1,0.1,0.01,0.1,10.0,0.1,0.1,0.1,0.005,0.001,0.1,0.1,0.1,0.1,0.1,0.001,0.1,0.1,0.01,0.1,0.1
21.0,10.00012245637776,0.0,0.0,10.001,0.0,100.001,0.0,10.001,0.0,10.001,0.0,0.0,0.0,10.001,0.0,0.0,9.526511375944224,0.4754886240557794,1.633454223958872,8.302668668216468,9.717133338244627,0.28386666175537045,0.0,0.0,0.0,9.64432291544887,0.3566770845511456,8.673042619612053,1.3279573803879425,5.489970873986375,10.001,4.511029126013613,0.0,0.0,10.001,0.0,10.001,10.001,0.0,10.001,0.0,10.001,0.0,10.001,0.0,10.001,0.0,0.0,10.001,0.0,0.0,0.0,10.001,0.0,0.0,0.0,0.0,0.0,10.002,0.0,0.06487710782461716,0.0,0.0,1.0,0.0,10.0,0.0,0.0,1.0,0.0,0.0,0.0,1.0,0.1,0.1,0.1,0.1,0.1,0.1,0.1,0.01,10.0,0.1,0.1,0.1,0.01,0.1,0.1,0.1,0.1,0.1,10.0,0.1,0.1,2.5,5.0,2.0,0.1,0.1,0.1,0.01,0.1,10.0,0.1,0.1,0.1,0.4,0.1,0.1,0.1,0.1,0.1,0.1,0.1,0.1,0.1,0.1,0.1,0.1,0.1,0.1,0.2,0.1,0.1,0.1,1.0,0.1,0.1,0.1,1.0,0.1,0.1,0.1,0.1,0.1,0.1,0.1,0.1,0.1,0.01,0.1,10.0,0.1,0.1,0.1,0.005,0.001,0.1,0.1,0.1,0.1,0.1,0.001,0.1,0.1,0.01,0.1,0.1
22.0,10.000110803101645,0.0,0.0,10.001,0.0,100.001,0.0,10.001,0.0,10.001,0.0,0.0,0.0,10.001,0.0,0.0,9.526519284719043,0.475480715280959,1.5422838672118557,8.389915914799163,9.701292615149534,0.29970738485046267,0.0,0.0,0.0,9.616990375950127,0.38400962404988587,8.579892647664243,1.4211073523357538,5.2191828554615745,10.001,4.7818171445384134,0.0,0.0,10.001,0.0,10.001,10.001,0.0,10.001,0.0,10.001,0.0,10.001,0.0,10.001,0.0,0.0,10.001,0.0,0.0,0.0,10.001,0.0,0.0,0.0,0.0,0.0,10.002,0.0,0.06880021798893862,0.0,0.0,1.0,0.0,10.0,0.0,0.0,1.0,0.0,0.0,0.0,1.0,0.1,0.1,0.1,0.1,0.1,0.1,0.1,0.01,10.0,0.1,0.1,0.1,0.01,0.1,0.1,0.1,0.1,0.1,10.0,0.1,0.1,2.5,5.0,2.0,0.1,0.1,0.1,0.01,0.1,10.0,0.1,0.1,0.1,0.4,0.1,0.1,0.1,0.1,0.1,0.1,0.1,0.1,0.1,0.1,0.1,0.1,0.1,0.1,0.2,0.1,0.1,0.1,1.0,0.1,0.1,0.1,1.0,0.1,0.1,0.1,0.1,0.1,0.1,0.1,0.1,0.1,0.01,0.1,10.0,0.1,0.1,0.1,0.005,0.001,0.1,0.1,0.1,0.1,0.1,0.001,0.1,0.1,0.01,0.1,0.1
23.0,10.000100258782552,0.0,0.0,10.001,0.0,100.001,0.0,10.001,0.0,10.001,0.0,0.0,0.0,10.001,0.0,0.0,9.526526188968733,0.4754738110312693,1.462077144498489,8.466079314749159,9.685784687233456,0.31521531276654013,0.0,0.0,0.0,9.588794246957686,0.4122057530423261,8.485059209984815,1.5159407900151838,4.9631016062592925,10.001,5.037898393740695,0.0,0.0,10.001,0.0,10.001,10.001,0.0,10.001,0.0,10.001,0.0,10.001,0.0,10.001,0.0,0.0,10.001,0.0,0.0,0.0,10.001,0.0,0.0,0.0,0.0,0.0,10.002,0.0,0.07284354075231095,0.0,0.0,1.0,0.0,10.0,0.0,0.0,1.0,0.0,0.0,0.0,1.0,0.1,0.1,0.1,0.1,0.1,0.1,0.1,0.01,10.0,0.1,0.1,0.1,0.01,0.1,0.1,0.1,0.1,0.1,10.0,0.1,0.1,2.5,5.0,2.0,0.1,0.1,0.1,0.01,0.1,10.0,0.1,0.1,0.1,0.4,0.1,0.1,0.1,0.1,0.1,0.1,0.1,0.1,0.1,0.1,0.1,0.1,0.1,0.1,0.2,0.1,0.1,0.1,1.0,0.1,0.1,0.1,1.0,0.1,0.1,0.1,0.1,0.1,0.1,0.1,0.1,0.1,0.01,0.1,10.0,0.1,0.1,0.1,0.005,0.001,0.1,0.1,0.1,0.1,0.1,0.001,0.1,0.1,0.01,0.1,0.1
24.0,10.00009071788921,0.0,0.0,10.001,0.0,100.001,0.0,10.001,0.0,10.001,0.0,0.0,0.0,10.001,0.0,0.0,9.526532200309239,0.4754677996907648,1.3916077240929399,8.532392905110763,9.670713450400545,0.33028654959945225,0.0,0.0,0.0,9.559737822311794,0.44126217768821824,8.38866007760681,1.6123399223931894,4.722072176329496,10.001,5.278927823670492,0.0,0.0,10.001,0.0,10.001,10.001,0.0,10.001,0.0,10.001,0.0,10.001,0.0,10.001,0.0,0.0,10.001,0.0,0.0,0.0,10.001,0.0,0.0,0.0,0.0,0.0,10.002,0.0,0.07699937079625688,0.0,0.0,1.0,0.0,10.0,0.0,0.0,1.0,0.0,0.0,0.0,1.0,0.1,0.1,0.1,0.1,0.1,0.1,0.1,0.01,10.0,0.1,0.1,0.1,0.01,0.1,0.1,0.1,0.1,0.1,10.0,0.1,0.1,2.5,5.0,2.0,0.1,0.1,0.1,0.01,0.1,10.0,0.1,0.1,0.1,0.4,0.1,0.1,0.1,0.1,0.1,0.1,0.1,0.1,0.1,0.1,0.1,0.1,0.1,0.1,0.2,0.1,0.1,0.1,1.0,0.1,0.1,0.1,1.0,0.1,0.1,0.1,0.1,0.1,0.1,0.1,0.1,0.1,0.01,0.1,10.0,0.1,0.1,0.1,0.005,0.001,0.1,0.1,0.1,0.1,0.1,0.001,0.1,0.1,0.01,0.1,0.1
25.0,10.000082084933045,0.0,0.0,10.001,0.0,100.001,0.0,10.001,0.0,10.001,0.0,0.0,0.0,10.001,0.0,0.0,9.526537425596723,0.47546257440328016,1.3297087055718515,8.590032771897613,9.656218392309356,0.3447816076906398,0.0,0.0,0.0,9.529833703727405,0.4711662962726067,8.290845078838997,1.7101549211610014,4.496143955211146,10.001,5.504856044788842,0.0,0.0,10.001,0.0,10.001,10.001,0.0,10.001,0.0,10.001,0.0,10.001,0.0,10.001,0.0,0.0,10.001,0.0,0.0,0.0,10.001,0.0,0.0,0.0,0.0,0.0,10.002,0.0,0.08125852253049651,0.0,0.0,1.0,0.0,10.0,0.0,0.0,1.0,0.0,0.0,0.0,1.0,0.1,0.1,0.1,0.1,0.1,0.1,0.1,0.01,10.0,0.1,0.1,0.1,0.01,0.1,0.1,0.1,0.1,0.1,10.0,0.1,0.1,2.5,5.0,2.0,0.1,0.1,0.1,0.01,0.1,10.0,0.1,0.1,0.1,0.4,0.1,0.1,0.1,0.1,0.1,0.1,0.1,0.1,0.1,0.1,0.1,0.1,0.1,0.1,0.2,0.1,0.1,0.1,1.0,0.1,0.1,0.1,1.0,0.1,0.1,0.1,0.1,0.1,0.1,0.1,0.1,0.1,0.01,0.1,10.0,0.1,0.1,0.1,0.005,0.001,0.1,0.1,0.1,0.1,0.1,0.001,0.1,0.1,0.01,0.1,0.1
26.0,10.000074273512551,0.0,0.0,10.001,0.0,100.001,0.0,10.001,0.0,10.001,0.0,0.0,0.0,10.001,0.0,0.0,9.526541954587545,0.47545804541245623,1.2753971417877348,8.639992462843194,9.642345967314915,0.3586540326850785,0.0,0.0,0.0,9.499104048749807,0.5018959512502058,8.191794695272689,1.80920530472731,4.285124660519717,10.001,5.715875339480271,0.0,0.0,10.001,0.0,10.001,10.001,0.0,10.001,0.0,10.001,0.0,10.001,0.0,10.001,0.0,0.0,10.001,0.0,0.0,0.0,10.001,0.0,0.0,0.0,0.0,0.0,10.002,0.0,0.0856103953690323,0.0,0.0,1.0,0.0,10.0,0.0,0.0,1.0,0.0,0.0,0.0,1.0,0.1,0.1,0.1,0.1,0.1,0.1,0.1,0.01,10.0,0.1,0.1,0.1,0.01,0.1,0.1,0.1,0.1,0.1,10.0,0.1,0.1,2.5,5.0,2.0,0.1,0.1,0.1,0.01,0.1,10.0,0.1,0.1,0.1,0.4,0.1,0.1,0.1,0.1,0.1,0.1,0.1,0.1,0.1,0.1,0.1,0.1,0.1,0.1,0.2,0.1,0.1,0.1,1.0,0.1,0.1,0.1,1.0,0.1,0.1,0.1,0.1,0.1,0.1,0.1,0.1,0.1,0.01,0.1,10.0,0.1,0.1,0.1,0.005,0.001,0.1,0.1,0.1,0.1,0.1,0.001,0.1,0.1,0.01,0.1,0.1
27.0,10.00006720544773,0.0,0.0,10.001,0.0,100.001,0.0,10.001,0.0,10.001,0.0,0.0,0.0,10.001,0.0,0.0,9.526545874672044,0.4754541253279578,1.2277237834810286,8.68323286788004,9.629191419970551,0.37180858002944406,0.0,0.0,0.0,9.467580648223182,0.5334193517768311,8.091717892676847,1.9092821073231516,4.08863073935093,10.001,5.912369260649058,0.0,0.0,10.001,0.0,10.001,10.001,0.0,10.001,0.0,10.001,0.0,10.001,0.0,10.001,0.0,0.0,10.001,0.0,0.0,0.0,10.001,0.0,0.0,0.0,0.0,0.0,10.002,0.0,0.09004334863889239,0.0,0.0,1.0,0.0,10.0,0.0,0.0,1.0,0.0,0.0,0.0,1.0,0.1,0.1,0.1,0.1,0.1,0.1,0.1,0.01,10.0,0.1,0.1,0.1,0.01,0.1,0.1,0.1,0.1,0.1,10.0,0.1,0.1,2.5,5.0,2.0,0.1,0.1,0.1,0.01,0.1,10.0,0.1,0.1,0.1,0.4,0.1,0.1,0.1,0.1,0.1,0.1,0.1,0.1,0.1,0.1,0.1,0.1,0.1,0.1,0.2,0.1,0.1,0.1,1.0,0.1,0.1,0.1,1.0,0.1,0.1,0.1,0.1,0.1,0.1,0.1,0.1,0.1,0.01,0.1,10.0,0.1,0.1,0.1,0.005,0.001,0.1,0.1,0.1,0.1,0.1,0.001,0.1,0.1,0.01,0.1,0.1
28.0,10.0000608099988,0.0,0.0,10.001,0.0,100.001,0.0,10.001,0.0,10.001,0.0,0.0,0.0,10.001,0.0,0.0,9.526549260774546,0.47545073922545317,1.1858712057651588,8.720583877466394,9.61679502444241,0.3842049755575857,0.0,0.0,0.0,9.435304582818416,0.5656954171815968,7.990848411636105,2.0101515883638927,3.906132708491783,10.001,6.094867291508205,0.0,0.0,10.001,0.0,10.001,10.001,0.0,10.001,0.0,10.001,0.0,10.001,0.0,10.001,0.0,0.0,10.001,0.0,0.0,0.0,10.001,0.0,0.0,0.0,0.0,0.0,10.002,0.0,0.09454491676840852,0.0,0.0,1.0,0.0,10.0,0.0,0.0,1.0,0.0,0.0,0.0,1.0,0.1,0.1,0.1,0.1,0.1,0.1,0.1,0.01,10.0,0.1,0.1,0.1,0.01,0.1,0.1,0.1,0.1,0.1,10.0,0.1,0.1,2.5,5.0,2.0,0.1,0.1,0.1,0.01,0.1,10.0,0.1,0.1,0.1,0.4,0.1,0.1,0.1,0.1,0.1,0.1,0.1,0.1,0.1,0.1,0.1,0.1,0.1,0.1,0.2,0.1,0.1,0.1,1.0,0.1,0.1,0.1,1.0,0.1,0.1,0.1,0.1,0.1,0.1,0.1,0.1,0.1,0.01,0.1,10.0,0.1,0.1,0.1,0.005,0.001,0.1,0.1,0.1,0.1,0.1,0.001,0.1,0.1,0.01,0.1,0.1
29.0,10.000055023158044,0.0,0.0,10.001,0.0,100.001,0.0,10.001,0.0,10.001,0.0,0.0,0.0,10.001,0.0,0.0,9.526552179476282,0.4754478205237178,1.1491210202622248,8.752776895532897,9.605169608287898,0.3958303917120953,0.0,0.0,0.0,9.402325718060935,0.5986742819390767,7.889440557182151,2.111559442817847,3.7369953547109462,10.001,6.264004645289041,0.0,0.0,10.001,0.0,10.001,10.001,0.0,10.001,0.0,10.001,0.0,10.001,0.0,10.001,0.0,0.0,10.001,0.0,0.0,0.0,10.001,0.0,0.0,0.0,0.0,0.0,10.002,0.0,0.09910208420483717,0.0,0.0,1.0,0.0,10.0,0.0,0.0,1.0,0.0,0.0,0.0,1.0,0.1,0.1,0.1,0.1,0.1,0.1,0.1,0.01,10.0,0.1,0.1,0.1,0.01,0.1,0.1,0.1,0.1,0.1,10.0,0.1,0.1,2.5,5.0,2.0,0.1,0.1,0.1,0.01,0.1,10.0,0.1,0.1,0.1,0.4,0.1,0.1,0.1,0.1,0.1,0.1,0.1,0.1,0.1,0.1,0.1,0.1,0.1,0.1,0.2,0.1,0.1,0.1,1.0,0.1,0.1,0.1,1.0,0.1,0.1,0.1,0.1,0.1,0.1,0.1,0.1,0.1,0.01,0.1,10.0,0.1,0.1,0.1,0.005,0.001,0.1,0.1,0.1,0.1,0.1,0.001,0.1,0.1,0.01,0.1,0.1
30.0,10.000049787008036,0.0,0.0,10.001,0.0,100.001,0.0,10.001,0.0,10.001,0.0,0.0,0.0,10.001,0.0,0.0,9.526554691634246,0.4754453083657527,1.116811336578339,8.780487238620136,9.594339897715273,0.4066601022847221,0.0,0.0,0.0,9.368701998083374,0.6322980019166364,7.787764380088613,2.2132356199113845,3.5805124736205918,10.001,6.420487526379396,0.0,0.0,10.001,0.0,10.001,10.001,0.0,10.001,0.0,10.001,0.0,10.001,0.0,10.001,0.0,0.0,10.001,0.0,0.0,0.0,10.001,0.0,0.0,0.0,0.0,0.0,10.002,0.0,0.1037014248014836,0.0,0.0,1.0,0.0,10.0,0.0,0.0,1.0,0.0,0.0,0.0,1.0,0.1,0.1,0.1,0.1,0.1,0.1,0.1,0.01,10.0,0.1,0.1,0.1,0.01,0.1,0.1,0.1,0.1,0.1,10.0,0.1,0.1,2.5,5.0,2.0,0.1,0.1,0.1,0.01,0.1,10.0,0.1,0.1,0.1,0.4,0.1,0.1,0.1,0.1,0.1,0.1,0.1,0.1,0.1,0.1,0.1,0.1,0.1,0.1,0.2,0.1,0.1,0.1,1.0,0.1,0.1,0.1,1.0,0.1,0.1,0.1,0.1,0.1,0.1,0.1,0.1,0.1,0.01,0.1,10.0,0.1,0.1,0.1,0.005,0.001,0.1,0.1,0.1,0.1,0.1,0.001,0.1,0.1,0.01,0.1,0.1
31.0,10.000045049144013,0.0,0.0,10.001,0.0,100.001,0.0,10.001,0.0,10.001,0.0,0.0,0.0,10.001,0.0,0.0,9.526556849454506,0.47544315054549163,1.0883842955023695,8.804286142038308,9.584285923952043,0.416714076047953,0.0,0.0,0.0,9.334498526561141,0.6665014734388703,7.686100425289412,2.314899574710585,3.4359359938565355,10.001,6.565064006143452,0.0,0.0,10.001,0.0,10.001,10.001,0.0,10.001,0.0,10.001,0.0,10.001,0.0,10.001,0.0,0.0,10.001,0.0,0.0,0.0,10.001,0.0,0.0,0.0,0.0,0.0,10.002,0.0,0.10832956245928299,0.0,0.0,1.0,0.0,10.0,0.0,0.0,1.0,0.0,0.0,0.0,1.0,0.1,0.1,0.1,0.1,0.1,0.1,0.1,0.01,10.0,0.1,0.1,0.1,0.01,0.1,0.1,0.1,0.1,0.1,10.0,0.1,0.1,2.5,5.0,2.0,0.1,0.1,0.1,0.01,0.1,10.0,0.1,0.1,0.1,0.4,0.1,0.1,0.1,0.1,0.1,0.1,0.1,0.1,0.1,0.1,0.1,0.1,0.1,0.1,0.2,0.1,0.1,0.1,1.0,0.1,0.1,0.1,1.0,0.1,0.1,0.1,0.1,0.1,0.1,0.1,0.1,0.1,0.01,0.1,10.0,0.1,0.1,0.1,0.005,0.001,0.1,0.1,0.1,0.1,0.1,0.001,0.1,0.1,0.01,0.1,0.1
32.0,10.00004076214786,0.0,0.0,10.001,0.0,100.001,0.0,10.001,0.0,10.001,0.0,0.0,0.0,10.001,0.0,0.0,9.52655869987251,0.4754413001274868,1.063331170400928,8.824695731720293,9.574998606740184,0.4260013932598133,0.0,0.0,0.0,9.29978651074041,0.7012134892596018,7.5847342482022615,2.416265751797736,3.3024999790764733,10.001,6.698500020923514,0.0,0.0,10.001,0.0,10.001,10.001,0.0,10.001,0.0,10.001,0.0,10.001,0.0,10.001,0.0,0.0,10.001,0.0,0.0,0.0,10.001,0.0,0.0,0.0,0.0,0.0,10.002,0.0,0.11297309787873751,0.0,0.0,1.0,0.0,10.0,0.0,0.0,1.0,0.0,0.0,0.0,1.0,0.1,0.1,0.1,0.1,0.1,0.1,0.1,0.01,10.0,0.1,0.1,0.1,0.01,0.1,0.1,0.1,0.1,0.1,10.0,0.1,0.1,2.5,5.0,2.0,0.1,0.1,0.1,0.01,0.1,10.0,0.1,0.1,0.1,0.4,0.1,0.1,0.1,0.1,0.1,0.1,0.1,0.1,0.1,0.1,0.1,0.1,0.1,0.1,0.2,0.1,0.1,0.1,1.0,0.1,0.1,0.1,1.0,0.1,0.1,0.1,0.1,0.1,0.1,0.1,0.1,0.1,0.01,0.1,10.0,0.1,0.1,0.1,0.005,0.001,0.1,0.1,0.1,0.1,0.1,0.001,0.1,0.1,0.01,0.1,0.1
33.0,10.000036883113715,0.0,0.0,10.001,0.0,100.001,0.0,10.001,0.0,10.001,0.0,0.0,0.0,10.001,0.0,0.0,9.52656028184051,0.4754397181594857,1.0412383555029907,8.842142641280358,9.566425443743869,0.4345745562561268,0.0,0.0,0.0,9.264642196634583,0.7363578033654309,7.483951358016175,2.5170486419838225,3.1794395453040902,10.001,6.821560454695897,0.0,0.0,10.001,0.0,10.001,10.001,0.0,10.001,0.0,10.001,0.0,10.001,0.0,10.001,0.0,0.0,10.001,0.0,0.0,0.0,10.001,0.0,0.0,0.0,0.0,0.0,10.002,0.0,0.11761900321661216,0.0,0.0,1.0,0.0,10.0,0.0,0.0,1.0,0.0,0.0,0.0,1.0,0.1,0.1,0.1,0.1,0.1,0.1,0.1,0.01,10.0,0.1,0.1,0.1,0.01,0.1,0.1,0.1,0.1,0.1,10.0,0.1,0.1,2.5,5.0,2.0,0.1,0.1,0.1,0.01,0.1,10.0,0.1,0.1,0.1,0.4,0.1,0.1,0.1,0.1,0.1,0.1,0.1,0.1,0.1,0.1,0.1,0.1,0.1,0.1,0.2,0.1,0.1,0.1,1.0,0.1,0.1,0.1,1.0,0.1,0.1,0.1,0.1,0.1,0.1,0.1,0.1,0.1,0.01,0.1,10.0,0.1,0.1,0.1,0.005,0.001,0.1,0.1,0.1,0.1,0.1,0.001,0.1,0.1,0.01,0.1,0.1
34.0,10.000033373218557,0.0,0.0,10.001,0.0,100.001,0.0,10.001,0.0,10.001,0.0,0.0,0.0,10.001,0.0,0.0,9.526561633639222,0.47543836636077347,1.0216937855049142,8.857051575305054,9.558562145515104,0.4424378544848941,0.0,0.0,0.0,9.229145692020953,0.7718543079790602,7.384032137358498,2.6169678626414994,3.0660055522478284,10.001,6.934994447752157,0.0,0.0,10.001,0.0,10.001,10.001,0.0,10.001,0.0,10.001,0.0,10.001,0.0,10.001,0.0,0.0,10.001,0.0,0.0,0.0,10.001,0.0,0.0,0.0,0.0,0.0,10.002,0.0,0.12225463918999319,0.0,0.0,1.0,0.0,10.0,0.0,0.0,1.0,0.0,0.0,0.0,1.0,0.1,0.1,0.1,0.1,0.1,0.1,0.1,0.01,10.0,0.1,0.1,0.1,0.01,0.1,0.1,0.1,0.1,0.1,10.0,0.1,0.1,2.5,5.0,2.0,0.1,0.1,0.1,0.01,0.1,10.0,0.1,0.1,0.1,0.4,0.1,0.1,0.1,0.1,0.1,0.1,0.1,0.1,0.1,0.1,0.1,0.1,0.1,0.1,0.2,0.1,0.1,0.1,1.0,0.1,0.1,0.1,1.0,0.1,0.1,0.1,0.1,0.1,0.1,0.1,0.1,0.1,0.01,0.1,10.0,0.1,0.1,0.1,0.005,0.001,0.1,0.1,0.1,0.1,0.1,0.001,0.1,0.1,0.01,0.1,0.1
35.0,10.000030197333265,0.0,0.0,10.001,0.0,100.001,0.0,10.001,0.0,10.001,0.0,0.0,0.0,10.001,0.0,0.0,9.526562784506348,0.4754372154936488,1.0043887238782054,8.869743241440524,9.551343846303235,0.4496561536967656,0.0,0.0,0.0,9.19337977631842,0.8076202236815927,7.285247251406504,2.715752748593494,2.9614753673558356,10.001,7.03952463264415,0.0,0.0,10.001,0.0,10.001,10.001,0.0,10.001,0.0,10.001,0.0,10.001,0.0,10.001,0.0,0.0,10.001,0.0,0.0,0.0,10.001,0.0,0.0,0.0,0.0,0.0,10.002,0.0,0.1268680346812342,0.0,0.0,1.0,0.0,10.0,0.0,0.0,1.0,0.0,0.0,0.0,1.0,0.1,0.1,0.1,0.1,0.1,0.1,0.1,0.01,10.0,0.1,0.1,0.1,0.01,0.1,0.1,0.1,0.1,0.1,10.0,0.1,0.1,2.5,5.0,2.0,0.1,0.1,0.1,0.01,0.1,10.0,0.1,0.1,0.1,0.4,0.1,0.1,0.1,0.1,0.1,0.1,0.1,0.1,0.1,0.1,0.1,0.1,0.1,0.1,0.2,0.1,0.1,0.1,1.0,0.1,0.1,0.1,1.0,0.1,0.1,0.1,0.1,0.1,0.1,0.1,0.1,0.1,0.01,0.1,10.0,0.1,0.1,0.1,0.005,0.001,0.1,0.1,0.1,0.1,0.1,0.001,0.1,0.1,0.01,0.1,0.1
36.0,10.000027323672716,0.0,0.0,10.001,0.0,100.001,0.0,10.001,0.0,10.001,0.0,0.0,0.0,10.001,0.0,0.0,9.526563761908648,0.4754362380913483,0.9890305614679304,8.880521654133803,9.544732136864063,0.45626786313593676,0.0,0.0,0.0,9.157428769699425,0.8435712303005874,7.187853647672079,2.81314635232792,2.8651603182339707,10.001,7.135839681766014,0.0,0.0,10.001,0.0,10.001,10.001,0.0,10.001,0.0,10.001,0.0,10.001,0.0,10.001,0.0,0.0,10.001,0.0,0.0,0.0,10.001,0.0,0.0,0.0,0.0,0.0,10.002,0.0,0.13144778439823074,0.0,0.0,1.0,0.0,10.0,0.0,0.0,1.0,0.0,0.0,0.0,1.0,0.1,0.1,0.1,0.1,0.1,0.1,0.1,0.01,10.0,0.1,0.1,0.1,0.01,0.1,0.1,0.1,0.1,0.1,10.0,0.1,0.1,2.5,5.0,2.0,0.1,0.1,0.1,0.01,0.1,10.0,0.1,0.1,0.1,0.4,0.1,0.1,0.1,0.1,0.1,0.1,0.1,0.1,0.1,0.1,0.1,0.1,0.1,0.1,0.2,0.1,0.1,0.1,1.0,0.1,0.1,0.1,1.0,0.1,0.1,0.1,0.1,0.1,0.1,0.1,0.1,0.1,0.01,0.1,10.0,0.1,0.1,0.1,0.005,0.001,0.1,0.1,0.1,0.1,0.1,0.001,0.1,0.1,0.01,0.1,0.1
37.0,10.00002472347786,0.0,0.0,10.001,0.0,100.001,0.0,10.001,0.0,10.001,0.0,0.0,0.0,10.001,0.0,0.0,9.526564589732205,0.4754354102677908,0.975366766168298,8.889649966154874,9.538684583738965,0.462315416261033,0.0,0.0,0.0,9.121377491245422,0.8796225087545898,7.0920913513600965,2.9089086486399016,2.7764105212789194,10.001,7.224589478721064,0.0,0.0,10.001,0.0,10.001,10.001,0.0,10.001,0.0,10.001,0.0,10.001,0.0,10.001,0.0,0.0,10.001,0.0,0.0,0.0,10.001,0.0,0.0,0.0,0.0,0.0,10.002,0.0,0.13598326767679209,0.0,0.0,1.0,0.0,10.0,0.0,0.0,1.0,0.0,0.0,0.0,1.0,0.1,0.1,0.1,0.1,0.1,0.1,0.1,0.01,10.0,0.1,0.1,0.1,0.01,0.1,0.1,0.1,0.1,0.1,10.0,0.1,0.1,2.5,5.0,2.0,0.1,0.1,0.1,0.01,0.1,10.0,0.1,0.1,0.1,0.4,0.1,0.1,0.1,0.1,0.1,0.1,0.1,0.1,0.1,0.1,0.1,0.1,0.1,0.1,0.2,0.1,0.1,0.1,1.0,0.1,0.1,0.1,1.0,0.1,0.1,0.1,0.1,0.1,0.1,0.1,0.1,0.1,0.01,0.1,10.0,0.1,0.1,0.1,0.005,0.001,0.1,0.1,0.1,0.1,0.1,0.001,0.1,0.1,0.01,0.1,0.1
38.0,10.000022370723194,0.0,0.0,10.001,0.0,100.001,0.0,10.001,0.0,10.001,0.0,0.0,0.0,10.001,0.0,0.0,9.52656528824369,0.475434711756304,0.9631834508011338,8.89735190050116,9.533153387677059,0.4678466123229394,0.0,0.0,0.0,9.085310200778592,0.915689799221421,6.9981806146697965,3.0028193853302008,2.69461757024115,10.001,7.306382429758834,0.0,0.0,10.001,0.0,10.001,10.001,0.0,10.001,0.0,10.001,0.0,10.001,0.0,10.001,0.0,0.0,10.001,0.0,0.0,0.0,10.001,0.0,0.0,0.0,0.0,0.0,10.002,0.0,0.140464648697669,0.0,0.0,1.0,0.0,10.0,0.0,0.0,1.0,0.0,0.0,0.0,1.0,0.1,0.1,0.1,0.1,0.1,0.1,0.1,0.01,10.0,0.1,0.1,0.1,0.01,0.1,0.1,0.1,0.1,0.1,10.0,0.1,0.1,2.5,5.0,2.0,0.1,0.1,0.1,0.01,0.1,10.0,0.1,0.1,0.1,0.4,0.1,0.1,0.1,0.1,0.1,0.1,0.1,0.1,0.1,0.1,0.1,0.1,0.1,0.1,0.2,0.1,0.1,0.1,1.0,0.1,0.1,0.1,1.0,0.1,0.1,0.1,0.1,0.1,0.1,0.1,0.1,0.1,0.01,0.1,10.0,0.1,0.1,0.1,0.005,0.001,0.1,0.1,0.1,0.1,0.1,0.001,0.1,0.1,0.01,0.1,0.1
39.0,10.000020241844297,0.0,0.0,10.001,0.0,100.001,0.0,10.001,0.0,10.001,0.0,0.0,0.0,10.001,0.0,0.0,9.526565875391869,0.47543412460812456,0.9522917006805238,8.903825402595661,9.528095752434625,0.47290424756537247,0.0,0.0,0.0,9.049309651389525,0.9516903486104863,6.9063198947876785,3.0946801052123196,2.6192153740294883,10.001,7.381784625970496,0.0,0.0,10.001,0.0,10.001,10.001,0.0,10.001,0.0,10.001,0.0,10.001,0.0,10.001,0.0,0.0,10.001,0.0,0.0,0.0,10.001,0.0,0.0,0.0,0.0,0.0,10.002,0.0,0.14488289672377846,0.0,0.0,1.0,0.0,10.0,0.0,0.0,1.0,0.0,0.0,0.0,1.0,0.1,0.1,0.1,0.1,0.1,0.1,0.1,0.01,10.0,0.1,0.1,0.1,0.01,0.1,0.1,0.1,0.1,0.1,10.0,0.1,0.1,2.5,5.0,2.0,0.1,0.1,0.1,0.01,0.1,10.0,0.1,0.1,0.1,0.4,0.1,0.1,0.1,0.1,0.1,0.1,0.1,0.1,0.1,0.1,0.1,0.1,0.1,0.1,0.2,0.1,0.1,0.1,1.0,0.1,0.1,0.1,1.0,0.1,0.1,0.1,0.1,0.1,0.1,0.1,0.1,0.1,0.01,0.1,10.0,0.1,0.1,0.1,0.005,0.001,0.1,0.1,0.1,0.1,0.1,0.001,0.1,0.1,0.01,0.1,0.1
40.0,10.000018315534334,0.0,0.0,10.001,0.0,100.001,0.0,10.001,0.0,10.001,0.0,0.0,0.0,10.001,0.0,0.0,9.526566366700864,0.47543363329912863,0.94252846361177,8.909241730985503,9.523470130984728,0.47752986901526917,0.0,0.0,0.0,9.013456394764146,0.9875436052358646,6.816684748340272,3.184315251659726,2.5496797976177956,10.001,7.451320202382188,0.0,0.0,10.001,0.0,10.001,10.001,0.0,10.001,0.0,10.001,0.0,10.001,0.0,10.001,0.0,0.0,10.001,0.0,0.0,0.0,10.001,0.0,0.0,0.0,0.0,0.0,10.002,0.0,0.14922980540269085,0.0,0.0,1.0,0.0,10.0,0.0,0.0,1.0,0.0,0.0,0.0,1.0,0.1,0.1,0.1,0.1,0.1,0.1,0.1,0.01,10.0,0.1,0.1,0.1,0.01,0.1,0.1,0.1,0.1,0.1,10.0,0.1,0.1,2.5,5.0,2.0,0.1,0.1,0.1,0.01,0.1,10.0,0.1,0.1,0.1,0.4,0.1,0.1,0.1,0.1,0.1,0.1,0.1,0.1,0.1,0.1,0.1,0.1,0.1,0.1,0.2,0.1,0.1,0.1,1.0,0.1,0.1,0.1,1.0,0.1,0.1,0.1,0.1,0.1,0.1,0.1,0.1,0.1,0.01,0.1,10.0,0.1,0.1,0.1,0.005,0.001,0.1,0.1,0.1,0.1,0.1,0.001,0.1,0.1,0.01,0.1,0.1
41.0,10.000016572535273,0.0,0.0,10.001,0.0,100.001,0.0,10.001,0.0,10.001,0.0,0.0,0.0,10.001,0.0,0.0,9.526566775559965,0.47543322444002734,0.933753417387234,8.913748591396823,9.519236602079516,0.4817633979204823,0.0,0.0,0.0,8.977828092490988,1.0231719075090242,6.7294271159726895,3.271572884027308,2.4855276113973654,10.001,7.5154723886026185,0.0,0.0,10.001,0.0,10.001,10.001,0.0,10.001,0.0,10.001,0.0,10.001,0.0,10.001,0.0,0.0,10.001,0.0,0.0,0.0,10.001,0.0,0.0,0.0,0.0,0.0,10.002,0.0,0.1534979912159083,0.0,0.0,1.0,0.0,10.0,0.0,0.0,1.0,0.0,0.0,0.0,1.0,0.1,0.1,0.1,0.1,0.1,0.1,0.1,0.01,10.0,0.1,0.1,0.1,0.01,0.1,0.1,0.1,0.1,0.1,10.0,0.1,0.1,2.5,5.0,2.0,0.1,0.1,0.1,0.01,0.1,10.0,0.1,0.1,0.1,0.4,0.1,0.1,0.1,0.1,0.1,0.1,0.1,0.1,0.1,0.1,0.1,0.1,0.1,0.1,0.2,0.1,0.1,0.1,1.0,0.1,0.1,0.1,1.0,0.1,0.1,0.1,0.1,0.1,0.1,0.1,0.1,0.1,0.01,0.1,10.0,0.1,0.1,0.1,0.005,0.001,0.1,0.1,0.1,0.1,0.1,0.001,0.1,0.1,0.01,0.1,0.1
42.0,10.000014995413972,0.0,0.0,10.001,0.0,100.001,0.0,10.001,0.0,10.001,0.0,0.0,0.0,10.001,0.0,0.0,9.526567113588834,0.47543288641115944,0.9258449070114435,8.917474210676477,9.515357930888309,0.48564206911168906,0.0,0.0,0.0,8.942498811422015,1.058501188577998,6.644674953236323,3.3563250467636756,2.426314647797293,10.001,7.574685352202692,0.0,0.0,10.001,0.0,10.001,10.001,0.0,10.001,0.0,10.001,0.0,10.001,0.0,10.001,0.0,0.0,10.001,0.0,0.0,0.0,10.001,0.0,0.0,0.0,0.0,0.0,10.002,0.0,0.15768088231204422,0.0,0.0,1.0,0.0,10.0,0.0,0.0,1.0,0.0,0.0,0.0,1.0,0.1,0.1,0.1,0.1,0.1,0.1,0.1,0.01,10.0,0.1,0.1,0.1,0.01,0.1,0.1,0.1,0.1,0.1,10.0,0.1,0.1,2.5,5.0,2.0,0.1,0.1,0.1,0.01,0.1,10.0,0.1,0.1,0.1,0.4,0.1,0.1,0.1,0.1,0.1,0.1,0.1,0.1,0.1,0.1,0.1,0.1,0.1,0.1,0.2,0.1,0.1,0.1,1.0,0.1,0.1,0.1,1.0,0.1,0.1,0.1,0.1,0.1,0.1,0.1,0.1,0.1,0.01,0.1,10.0,0.1,0.1,0.1,0.005,0.001,0.1,0.1,0.1,0.1,0.1,0.001,0.1,0.1,0.01,0.1,0.1
43.0,10.000013568383721,0.0,0.0,10.001,0.0,100.001,0.0,10.001,0.0,10.001,0.0,0.0,0.0,10.001,0.0,0.0,9.526567390933502,0.4754326090664912,0.9186967837451029,8.920530518039334,9.511800299210838,0.48919970078915787,0.0,0.0,0.0,8.907538519822578,1.0934614801774336,6.562532544535655,3.438467455464343,2.3716334710562856,10.001,7.629366528943698,0.0,0.0,10.001,0.0,10.001,10.001,0.0,10.001,0.0,10.001,0.0,10.001,0.0,10.001,0.0,0.0,10.001,0.0,0.0,0.0,10.001,0.0,0.0,0.0,0.0,0.0,10.002,0.0,0.16177269821552923,0.0,0.0,1.0,0.0,10.0,0.0,0.0,1.0,0.0,0.0,0.0,1.0,0.1,0.1,0.1,0.1,0.1,0.1,0.1,0.01,10.0,0.1,0.1,0.1,0.01,0.1,0.1,0.1,0.1,0.1,10.0,0.1,0.1,2.5,5.0,2.0,0.1,0.1,0.1,0.01,0.1,10.0,0.1,0.1,0.1,0.4,0.1,0.1,0.1,0.1,0.1,0.1,0.1,0.1,0.1,0.1,0.1,0.1,0.1,0.1,0.2,0.1,0.1,0.1,1.0,0.1,0.1,0.1,1.0,0.1,0.1,0.1,0.1,0.1,0.1,0.1,0.1,0.1,0.01,0.1,10.0,0.1,0.1,0.1,0.005,0.001,0.1,0.1,0.1,0.1,0.1,0.001,0.1,0.1,0.01,0.1,0.1
44.0,10.000012277156836,0.0,0.0,10.001,0.0,100.001,0.0,10.001,0.0,10.001,0.0,0.0,0.0,10.001,0.0,0.0,9.526567616396614,0.47543238360338014,0.9122169695061418,8.923014605151323,9.50853270364882,0.4924672963511773,0.0,0.0,0.0,8.873012736130537,1.1279872638694761,6.483081322218056,3.517918677781942,2.321110883547785,10.001,7.679889116452199,0.0,0.0,10.001,0.0,10.001,10.001,0.0,10.001,0.0,10.001,0.0,10.001,0.0,10.001,0.0,0.0,10.001,0.0,0.0,0.0,10.001,0.0,0.0,0.0,0.0,0.0,10.002,0.0,0.16576842534249925,0.0,0.0,1.0,0.0,10.0,0.0,0.0,1.0,0.0,0.0,0.0,1.0,0.1,0.1,0.1,0.1,0.1,0.1,0.1,0.01,10.0,0.1,0.1,0.1,0.01,0.1,0.1,0.1,0.1,0.1,10.0,0.1,0.1,2.5,5.0,2.0,0.1,0.1,0.1,0.01,0.1,10.0,0.1,0.1,0.1,0.4,0.1,0.1,0.1,0.1,0.1,0.1,0.1,0.1,0.1,0.1,0.1,0.1,0.1,0.1,0.2,0.1,0.1,0.1,1.0,0.1,0.1,0.1,1.0,0.1,0.1,0.1,0.1,0.1,0.1,0.1,0.1,0.1,0.01,0.1,10.0,0.1,0.1,0.1,0.005,0.001,0.1,0.1,0.1,0.1,0.1,0.001,0.1,0.1,0.01,0.1,0.1
45.0,10.000011108807756,0.0,0.0,10.001,0.0,100.001,0.0,10.001,0.0,10.001,0.0,0.0,0.0,10.001,0.0,0.0,9.526567797573117,0.475432202426876,0.9063259525369147,8.92501025925829,9.505526591068971,0.49547340893102604,0.0,0.0,0.0,8.838982256945911,1.1620177430541014,6.406380982222775,3.5946190177772235,2.274405437173709,10.001,7.726594562826275,0.0,0.0,10.001,0.0,10.001,10.001,0.0,10.001,0.0,10.001,0.0,10.001,0.0,10.001,0.0,0.0,10.001,0.0,0.0,0.0,10.001,0.0,0.0,0.0,0.0,0.0,10.002,0.0,0.1696637882047608,0.0,0.0,1.0,0.0,10.0,0.0,0.0,1.0,0.0,0.0,0.0,1.0,0.1,0.1,0.1,0.1,0.1,0.1,0.1,0.01,10.0,0.1,0.1,0.1,0.01,0.1,0.1,0.1,0.1,0.1,10.0,0.1,0.1,2.5,5.0,2.0,0.1,0.1,0.1,0.01,0.1,10.0,0.1,0.1,0.1,0.4,0.1,0.1,0.1,0.1,0.1,0.1,0.1,0.1,0.1,0.1,0.1,0.1,0.1,0.1,0.2,0.1,0.1,0.1,1.0,0.1,0.1,0.1,1.0,0.1,0.1,0.1,0.1,0.1,0.1,0.1,0.1,0.1,0.01,0.1,10.0,0.1,0.1,0.1,0.005,0.001,0.1,0.1,0.1,0.1,0.1,0.001,0.1,0.1,0.01,0.1,0.1
46.0,10.00001005164326,0.0,0.0,10.001,0.0,100.001,0.0,10.001,0.0,10.001,0.0,0.0,0.0,10.001,0.0,0.0,9.526567941034962,0.47543205896503005,0.9009547935829298,8.926589989833667,9.502756102884645,0.4982438971153519,0.0,0.0,0.0,8.805502948973627,1.1954970510263865,6.332470805631222,3.6685291943687752,2.2312049910512535,10.001,7.76979500894873,0.0,0.0,10.001,0.0,10.001,10.001,0.0,10.001,0.0,10.001,0.0,10.001,0.0,10.001,0.0,0.0,10.001,0.0,0.0,0.0,10.001,0.0,0.0,0.0,0.0,0.0,10.002,0.0,0.17345521658336696,0.0,0.0,1.0,0.0,10.0,0.0,0.0,1.0,0.0,0.0,0.0,1.0,0.1,0.1,0.1,0.1,0.1,0.1,0.1,0.01,10.0,0.1,0.1,0.1,0.01,0.1,0.1,0.1,0.1,0.1,10.0,0.1,0.1,2.5,5.0,2.0,0.1,0.1,0.1,0.01,0.1,10.0,0.1,0.1,0.1,0.4,0.1,0.1,0.1,0.1,0.1,0.1,0.1,0.1,0.1,0.1,0.1,0.1,0.1,0.1,0.2,0.1,0.1,0.1,1.0,0.1,0.1,0.1,1.0,0.1,0.1,0.1,0.1,0.1,0.1,0.1,0.1,0.1,0.01,0.1,10.0,0.1,0.1,0.1,0.005,0.001,0.1,0.1,0.1,0.1,0.1,0.001,0.1,0.1,0.01,0.1,0.1
47.0,10.000009095083294,0.0,0.0,10.001,0.0,100.001,0.0,10.001,0.0,10.001,0.0,0.0,0.0,10.001,0.0,0.0,9.526568052482066,0.4754319475179258,0.8960435131462986,8.927816676399388,9.500198084861161,0.5008019151388359,0.0,0.0,0.0,8.772625613499939,1.2283743865000756,6.26137115101197,3.739628848988027,2.1912243331446213,10.001,7.809775666855363,0.0,0.0,10.001,0.0,10.001,10.001,0.0,10.001,0.0,10.001,0.0,10.001,0.0,10.001,0.0,0.0,10.001,0.0,0.0,0.0,10.001,0.0,0.0,0.0,0.0,0.0,10.002,0.0,0.17713981045427848,0.0,0.0,1.0,0.0,10.0,0.0,0.0,1.0,0.0,0.0,0.0,1.0,0.1,0.1,0.1,0.1,0.1,0.1,0.1,0.01,10.0,0.1,0.1,0.1,0.01,0.1,0.1,0.1,0.1,0.1,10.0,0.1,0.1,2.5,5.0,2.0,0.1,0.1,0.1,0.01,0.1,10.0,0.1,0.1,0.1,0.4,0.1,0.1,0.1,0.1,0.1,0.1,0.1,0.1,0.1,0.1,0.1,0.1,0.1,0.1,0.2,0.1,0.1,0.1,1.0,0.1,0.1,0.1,1.0,0.1,0.1,0.1,0.1,0.1,0.1,0.1,0.1,0.1,0.01,0.1,10.0,0.1,0.1,0.1,0.005,0.001,0.1,0.1,0.1,0.1,0.1,0.001,0.1,0.1,0.01,0.1,0.1
48.0,10.000008229548769,0.0,0.0,10.001,0.0,100.001,0.0,10.001,0.0,10.001,0.0,0.0,0.0,10.001,0.0,0.0,9.526568136848336,0.4754318631516562,0.8915399553765834,8.928744743793656,9.49783172986345,0.5031682701365489,0.0,0.0,0.0,8.740395927504196,1.2606040724958174,6.193085180929727,3.807914819070271,2.1542027840846356,10.001,7.846797215915349,0.0,0.0,10.001,0.0,10.001,10.001,0.0,10.001,0.0,10.001,0.0,10.001,0.0,10.001,0.0,0.0,10.001,0.0,0.0,0.0,10.001,0.0,0.0,0.0,0.0,0.0,10.002,0.0,0.1807153008297252,0.0,0.0,1.0,0.0,10.0,0.0,0.0,1.0,0.0,0.0,0.0,1.0,0.1,0.1,0.1,0.1,0.1,0.1,0.1,0.01,10.0,0.1,0.1,0.1,0.01,0.1,0.1,0.1,0.1,0.1,10.0,0.1,0.1,2.5,5.0,2.0,0.1,0.1,0.1,0.01,0.1,10.0,0.1,0.1,0.1,0.4,0.1,0.1,0.1,0.1,0.1,0.1,0.1,0.1,0.1,0.1,0.1,0.1,0.1,0.1,0.2,0.1,0.1,0.1,1.0,0.1,0.1,0.1,1.0,0.1,0.1,0.1,0.1,0.1,0.1,0.1,0.1,0.1,0.01,0.1,10.0,0.1,0.1,0.1,0.005,0.001,0.1,0.1,0.1,0.1,0.1,0.001,0.1,0.1,0.01,0.1,0.1
49.0,10.000007446368617,0.0,0.0,10.001,0.0,100.001,0.0,10.001,0.0,10.001,0.0,0.0,0.0,10.001,0.0,0.0,9.52656819839401,0.47543180160598264,0.887398799065466,8.929421189818342,9.495638354474075,0.5053616455259236,0.0,0.0,0.0,8.708854452390913,1.2921455476091008,6.127600539700476,3.8733994602995216,2.1199021407645584,10.001,7.881097859235426,0.0,0.0,10.001,0.0,10.001,10.001,0.0,10.001,0.0,10.001,0.0,10.001,0.0,10.001,0.0,0.0,10.001,0.0,0.0,0.0,10.001,0.0,0.0,0.0,0.0,0.0,10.002,0.0,0.18418001111615603,0.0,0.0,1.0,0.0,10.0,0.0,0.0,1.0,0.0,0.0,0.0,1.0,0.1,0.1,0.1,0.1,0.1,0.1,0.1,0.01,10.0,0.1,0.1,0.1,0.01,0.1,0.1,0.1,0.1,0.1,10.0,0.1,0.1,2.5,5.0,2.0,0.1,0.1,0.1,0.01,0.1,10.0,0.1,0.1,0.1,0.4,0.1,0.1,0.1,0.1,0.1,0.1,0.1,0.1,0.1,0.1,0.1,0.1,0.1,0.1,0.2,0.1,0.1,0.1,1.0,0.1,0.1,0.1,1.0,0.1,0.1,0.1,0.1,0.1,0.1,0.1,0.1,0.1,0.01,0.1,10.0,0.1,0.1,0.1,0.005,0.001,0.1,0.1,0.1,0.1,0.1,0.001,0.1,0.1,0.01,0.1,0.1
50.0,10.000006737695495,0.0,0.0,10.001,0.0,100.001,0.0,10.001,0.0,10.001,0.0,0.0,0.0,10.001,0.0,0.0,9.526568240792159,0.47543175920783337,0.8835806465474905,8.929886532349851,9.493601241746866,0.5073987582531321,0.0,0.0,0.0,8.678036709648223,1.3229632903517907,6.064891040876425,3.936108959123572,2.088104722224454,10.001,7.91289527777553,0.0,0.0,10.001,0.0,10.001,10.001,0.0,10.001,0.0,10.001,0.0,10.001,0.0,10.001,0.0,0.0,10.001,0.0,0.0,0.0,10.001,0.0,0.0,0.0,0.0,0.0,10.002,0.0,0.18753282110262326,0.0,0.0,1.0,0.0,10.0,0.0,0.0,1.0,0.0,0.0,0.0,1.0,0.1,0.1,0.1,0.1,0.1,0.1,0.1,0.01,10.0,0.1,0.1,0.1,0.01,0.1,0.1,0.1,0.1,0.1,10.0,0.1,0.1,2.5,5.0,2.0,0.1,0.1,0.1,0.01,0.1,10.0,0.1,0.1,0.1,0.4,0.1,0.1,0.1,0.1,0.1,0.1,0.1,0.1,0.1,0.1,0.1,0.1,0.1,0.1,0.2,0.1,0.1,0.1,1.0,0.1,0.1,0.1,1.0,0.1,0.1,0.1,0.1,0.1,0.1,0.1,0.1,0.1,0.01,0.1,10.0,0.1,0.1,0.1,0.005,0.001,0.1,0.1,0.1,0.1,0.1,0.001,0.1,0.1,0.01,0.1,0.1
51.0,10.000006096478437,0.0,0.0,10.001,0.0,100.001,0.0,10.001,0.0,10.001,0.0,0.0,0.0,10.001,0.0,0.0,9.526568267156561,0.47543173284343154,0.8800517305931969,8.93017511789038,9.491705596605506,0.5092944033944921,0.0,0.0,0.0,8.647973230763334,1.3530267692366795,6.004917292716083,3.9960827072839136,2.058612685665319,10.001,7.942387314334666,0.0,0.0,10.001,0.0,10.001,10.001,0.0,10.001,0.0,10.001,0.0,10.001,0.0,10.001,0.0,0.0,10.001,0.0,0.0,0.0,10.001,0.0,0.0,0.0,0.0,0.0,10.002,0.0,0.1907731515163865,0.0,0.0,1.0,0.0,10.0,0.0,0.0,1.0,0.0,0.0,0.0,1.0,0.1,0.1,0.1,0.1,0.1,0.1,0.1,0.01,10.0,0.1,0.1,0.1,0.01,0.1,0.1,0.1,0.1,0.1,10.0,0.1,0.1,2.5,5.0,2.0,0.1,0.1,0.1,0.01,0.1,10.0,0.1,0.1,0.1,0.4,0.1,0.1,0.1,0.1,0.1,0.1,0.1,0.1,0.1,0.1,0.1,0.1,0.1,0.1,0.2,0.1,0.1,0.1,1.0,0.1,0.1,0.1,1.0,0.1,0.1,0.1,0.1,0.1,0.1,0.1,0.1,0.1,0.01,0.1,10.0,0.1,0.1,0.1,0.005,0.001,0.1,0.1,0.1,0.1,0.1,0.001,0.1,0.1,0.01,0.1,0.1
52.0,10.000005516293006,0.0,0.0,10.001,0.0,100.001,0.0,10.001,0.0,10.001,0.0,0.0,0.0,10.001,0.0,0.0,9.526568280213608,0.47543171978638515,0.8767820980408298,8.930317023161471,9.48993822220193,0.511061777798067,0.0,0.0,0.0,8.618689759645815,1.3823102403541998,5.947630257042824,4.053369742957173,2.0312439587344424,10.001,7.969756041265542,0.0,0.0,10.001,0.0,10.001,10.001,0.0,10.001,0.0,10.001,0.0,10.001,0.0,10.001,0.0,0.0,10.001,0.0,0.0,0.0,10.001,0.0,0.0,0.0,0.0,0.0,10.002,0.0,0.19390087879766313,0.0,0.0,1.0,0.0,10.0,0.0,0.0,1.0,0.0,0.0,0.0,1.0,0.1,0.1,0.1,0.1,0.1,0.1,0.1,0.01,10.0,0.1,0.1,0.1,0.01,0.1,0.1,0.1,0.1,0.1,10.0,0.1,0.1,2.5,5.0,2.0,0.1,0.1,0.1,0.01,0.1,10.0,0.1,0.1,0.1,0.4,0.1,0.1,0.1,0.1,0.1,0.1,0.1,0.1,0.1,0.1,0.1,0.1,0.1,0.1,0.2,0.1,0.1,0.1,1.0,0.1,0.1,0.1,1.0,0.1,0.1,0.1,0.1,0.1,0.1,0.1,0.1,0.1,0.01,0.1,10.0,0.1,0.1,0.1,0.005,0.001,0.1,0.1,0.1,0.1,0.1,0.001,0.1,0.1,0.01,0.1,0.1
53.0,10.000004991344667,0.0,0.0,10.001,0.0,100.001,0.0,10.001,0.0,10.001,0.0,0.0,0.0,10.001,0.0,0.0,9.526568282284728,0.47543171771526466,0.873745821085715,8.9303378524527,9.48828741636205,0.512712583637948,0.0,0.0,0.0,8.590207412484942,1.4107925875150735,5.892971559315129,4.108028440684869,2.0058324052987295,10.001,7.995167594701256,0.0,0.0,10.001,0.0,10.001,10.001,0.0,10.001,0.0,10.001,0.0,10.001,0.0,10.001,0.0,0.0,10.001,0.0,0.0,0.0,10.001,0.0,0.0,0.0,0.0,0.0,10.002,0.0,0.19691632646155083,0.0,0.0,1.0,0.0,10.0,0.0,0.0,1.0,0.0,0.0,0.0,1.0,0.1,0.1,0.1,0.1,0.1,0.1,0.1,0.01,10.0,0.1,0.1,0.1,0.01,0.1,0.1,0.1,0.1,0.1,10.0,0.1,0.1,2.5,5.0,2.0,0.1,0.1,0.1,0.01,0.1,10.0,0.1,0.1,0.1,0.4,0.1,0.1,0.1,0.1,0.1,0.1,0.1,0.1,0.1,0.1,0.1,0.1,0.1,0.1,0.2,0.1,0.1,0.1,1.0,0.1,0.1,0.1,1.0,0.1,0.1,0.1,0.1,0.1,0.1,0.1,0.1,0.1,0.01,0.1,10.0,0.1,0.1,0.1,0.005,0.001,0.1,0.1,0.1,0.1,0.1,0.001,0.1,0.1,0.01,0.1,0.1
54.0,10.000004516366019,0.0,0.0,10.001,0.0,100.001,0.0,10.001,0.0,10.001,0.0,0.0,0.0,10.001,0.0,0.0,9.526568275388517,0.47543172461147376,0.8709199225595848,8.930259869094339,9.48674277356552,0.5142572264344807,0.0,0.0,0.0,8.56254285223579,1.4384571477642252,5.840875749606202,4.160124250393796,1.982225350259892,10.001,8.018774649740093,0.0,0.0,10.001,0.0,10.001,10.001,0.0,10.001,0.0,10.001,0.0,10.001,0.0,10.001,0.0,0.0,10.001,0.0,0.0,0.0,10.001,0.0,0.0,0.0,0.0,0.0,10.002,0.0,0.19982020834603995,0.0,0.0,1.0,0.0,10.0,0.0,0.0,1.0,0.0,0.0,0.0,1.0,0.1,0.1,0.1,0.1,0.1,0.1,0.1,0.01,10.0,0.1,0.1,0.1,0.01,0.1,0.1,0.1,0.1,0.1,10.0,0.1,0.1,2.5,5.0,2.0,0.1,0.1,0.1,0.01,0.1,10.0,0.1,0.1,0.1,0.4,0.1,0.1,0.1,0.1,0.1,0.1,0.1,0.1,0.1,0.1,0.1,0.1,0.1,0.1,0.2,0.1,0.1,0.1,1.0,0.1,0.1,0.1,1.0,0.1,0.1,0.1,0.1,0.1,0.1,0.1,0.1,0.1,0.01,0.1,10.0,0.1,0.1,0.1,0.005,0.001,0.1,0.1,0.1,0.1,0.1,0.001,0.1,0.1,0.01,0.1,0.1
55.0,10.00000408659182,0.0,0.0,10.001,0.0,100.001,0.0,10.001,0.0,10.001,0.0,0.0,0.0,10.001,0.0,0.0,9.526568261246993,0.4754317387529972,0.8682843426723865,8.930102068205358,9.485295026629514,0.5157049733704864,0.0,0.0,0.0,8.535708619864458,1.465291380135559,5.79127147288513,4.2097285271148674,1.9602830091767356,10.001,8.04071699082325,0.0,0.0,10.001,0.0,10.001,10.001,0.0,10.001,0.0,10.001,0.0,10.001,0.0,10.001,0.0,0.0,10.001,0.0,0.0,0.0,10.001,0.0,0.0,0.0,0.0,0.0,10.002,0.0,0.20261358912221974,0.0,0.0,1.0,0.0,10.0,0.0,0.0,1.0,0.0,0.0,0.0,1.0,0.1,0.1,0.1,0.1,0.1,0.1,0.1,0.01,10.0,0.1,0.1,0.1,0.01,0.1,0.1,0.1,0.1,0.1,10.0,0.1,0.1,2.5,5.0,2.0,0.1,0.1,0.1,0.01,0.1,10.0,0.1,0.1,0.1,0.4,0.1,0.1,0.1,0.1,0.1,0.1,0.1,0.1,0.1,0.1,0.1,0.1,0.1,0.1,0.2,0.1,0.1,0.1,1.0,0.1,0.1,0.1,1.0,0.1,0.1,0.1,0.1,0.1,0.1,0.1,0.1,0.1,0.01,0.1,10.0,0.1,0.1,0.1,0.005,0.001,0.1,0.1,0.1,0.1,0.1,0.001,0.1,0.1,0.01,0.1,0.1
56.0,10.000003697714495,0.0,0.0,10.001,0.0,100.001,0.0,10.001,0.0,10.001,0.0,0.0,0.0,10.001,0.0,0.0,9.526568241327281,0.47543175867271054,0.8658215110239859,8.929880629634631,9.483935973065977,0.5170640269340253,0.0,0.0,0.0,8.509713314467076,1.4912866855329399,5.7440824415890335,4.256917558410964,1.9398774839434059,10.001,8.06112251605658,0.0,0.0,10.001,0.0,10.001,10.001,0.0,10.001,0.0,10.001,0.0,10.001,0.0,10.001,0.0,0.0,10.001,0.0,0.0,0.0,10.001,0.0,0.0,0.0,0.0,0.0,10.002,0.0,0.20529785934134667,0.0,0.0,1.0,0.0,10.0,0.0,0.0,1.0,0.0,0.0,0.0,1.0,0.1,0.1,0.1,0.1,0.1,0.1,0.1,0.01,10.0,0.1,0.1,0.1,0.01,0.1,0.1,0.1,0.1,0.1,10.0,0.1,0.1,2.5,5.0,2.0,0.1,0.1,0.1,0.01,0.1,10.0,0.1,0.1,0.1,0.4,0.1,0.1,0.1,0.1,0.1,0.1,0.1,0.1,0.1,0.1,0.1,0.1,0.1,0.1,0.2,0.1,0.1,0.1,1.0,0.1,0.1,0.1,1.0,0.1,0.1,0.1,0.1,0.1,0.1,0.1,0.1,0.1,0.01,0.1,10.0,0.1,0.1,0.1,0.005,0.001,0.1,0.1,0.1,0.1,0.1,0.001,0.1,0.1,0.01,0.1,0.1
57.0,10.00000334583433,0.0,0.0,10.001,0.0,100.001,0.0,10.001,0.0,10.001,0.0,0.0,0.0,10.001,0.0,0.0,9.526568216878083,0.4754317831219091,0.8635159819554697,8.929609323935301,9.482658297670007,0.5183417023299949,0.0,0.0,0.0,8.484561858084971,1.5164381419150443,5.699228856300393,4.301771143699605,1.920891561266188,10.001,8.080108438733799,0.0,0.0,10.001,0.0,10.001,10.001,0.0,10.001,0.0,10.001,0.0,10.001,0.0,10.001,0.0,0.0,10.001,0.0,0.0,0.0,10.001,0.0,0.0,0.0,0.0,0.0,10.002,0.0,0.20787469410919465,0.0,0.0,1.0,0.0,10.0,0.0,0.0,1.0,0.0,0.0,0.0,1.0,0.1,0.1,0.1,0.1,0.1,0.1,0.1,0.01,10.0,0.1,0.1,0.1,0.01,0.1,0.1,0.1,0.1,0.1,10.0,0.1,0.1,2.5,5.0,2.0,0.1,0.1,0.1,0.01,0.1,10.0,0.1,0.1,0.1,0.4,0.1,0.1,0.1,0.1,0.1,0.1,0.1,0.1,0.1,0.1,0.1,0.1,0.1,0.1,0.2,0.1,0.1,0.1,1.0,0.1,0.1,0.1,1.0,0.1,0.1,0.1,0.1,0.1,0.1,0.1,0.1,0.1,0.01,0.1,10.0,0.1,0.1,0.1,0.005,0.001,0.1,0.1,0.1,0.1,0.1,0.001,0.1,0.1,0.01,0.1,0.1
58.0,10.000003027436433,0.0,0.0,10.001,0.0,100.001,0.0,10.001,0.0,10.001,0.0,0.0,0.0,10.001,0.0,0.0,9.526568188940491,0.47543181105950094,0.861354337023623,8.929299629665241,9.481455494372304,0.5195445056276972,0.0,0.0,0.0,8.460255770903732,1.5407442290962827,5.656627943062616,4.344372056937382,1.9032181292695376,10.001,8.09778187073045,0.0,0.0,10.001,0.0,10.001,10.001,0.0,10.001,0.0,10.001,0.0,10.001,0.0,10.001,0.0,0.0,10.001,0.0,0.0,0.0,10.001,0.0,0.0,0.0,0.0,0.0,10.002,0.0,0.2103460333110999,0.0,0.0,1.0,0.0,10.0,0.0,0.0,1.0,0.0,0.0,0.0,1.0,0.1,0.1,0.1,0.1,0.1,0.1,0.1,0.01,10.0,0.1,0.1,0.1,0.01,0.1,0.1,0.1,0.1,0.1,10.0,0.1,0.1,2.5,5.0,2.0,0.1,0.1,0.1,0.01,0.1,10.0,0.1,0.1,0.1,0.4,0.1,0.1,0.1,0.1,0.1,0.1,0.1,0.1,0.1,0.1,0.1,0.1,0.1,0.1,0.2,0.1,0.1,0.1,1.0,0.1,0.1,0.1,1.0,0.1,0.1,0.1,0.1,0.1,0.1,0.1,0.1,0.1,0.01,0.1,10.0,0.1,0.1,0.1,0.005,0.001,0.1,0.1,0.1,0.1,0.1,0.001,0.1,0.1,0.01,0.1,0.1
59.0,10.00000273934014,0.0,0.0,10.001,0.0,100.001,0.0,10.001,0.0,10.001,0.0,0.0,0.0,10.001,0.0,0.0,9.526568158395396,0.47543184160459634,0.859324703650669,8.92896126127745,9.480321800040919,0.5206781999590813,0.0,0.0,0.0,8.436793427988851,1.5642065720111629,5.616194989774746,4.384805010225252,1.8867587067759934,10.001,8.114241293223994,0.0,0.0,10.001,0.0,10.001,10.001,0.0,10.001,0.0,10.001,0.0,10.001,0.0,10.001,0.0,0.0,10.001,0.0,0.0,0.0,10.001,0.0,0.0,0.0,0.0,0.0,10.002,0.0,0.21271403507184583,0.0,0.0,1.0,0.0,10.0,0.0,0.0,1.0,0.0,0.0,0.0,1.0,0.1,0.1,0.1,0.1,0.1,0.1,0.1,0.01,10.0,0.1,0.1,0.1,0.01,0.1,0.1,0.1,0.1,0.1,10.0,0.1,0.1,2.5,5.0,2.0,0.1,0.1,0.1,0.01,0.1,10.0,0.1,0.1,0.1,0.4,0.1,0.1,0.1,0.1,0.1,0.1,0.1,0.1,0.1,0.1,0.1,0.1,0.1,0.1,0.2,0.1,0.1,0.1,1.0,0.1,0.1,0.1,1.0,0.1,0.1,0.1,0.1,0.1,0.1,0.1,0.1,0.1,0.01,0.1,10.0,0.1,0.1,0.1,0.005,0.001,0.1,0.1,0.1,0.1,0.1,0.001,0.1,0.1,0.01,0.1,0.1
60.0,10.000002478664062,0.0,0.0,10.001,0.0,100.001,0.0,10.001,0.0,10.001,0.0,0.0,0.0,10.001,0.0,0.0,9.52656812598088,0.4754318740191118,0.8574165906598802,8.928602355087731,9.479251992793126,0.5217480072068741,0.0,0.0,0.0,8.414170289999436,1.5868297100005786,5.577844713898979,4.423155286101019,1.8714229386940826,10.001,8.129577061305906,0.0,0.0,10.001,0.0,10.001,10.001,0.0,10.001,0.0,10.001,0.0,10.001,0.0,10.001,0.0,0.0,10.001,0.0,0.0,0.0,10.001,0.0,0.0,0.0,0.0,0.0,10.002,0.0,0.21498105425235334,0.0,0.0,1.0,0.0,10.0,0.0,0.0,1.0,0.0,0.0,0.0,1.0,0.1,0.1,0.1,0.1,0.1,0.1,0.1,0.01,10.0,0.1,0.1,0.1,0.01,0.1,0.1,0.1,0.1,0.1,10.0,0.1,0.1,2.5,5.0,2.0,0.1,0.1,0.1,0.01,0.1,10.0,0.1,0.1,0.1,0.4,0.1,0.1,0.1,0.1,0.1,0.1,0.1,0.1,0.1,0.1,0.1,0.1,0.1,0.1,0.2,0.1,0.1,0.1,1.0,0.1,0.1,0.1,1.0,0.1,0.1,0.1,0.1,0.1,0.1,0.1,0.1,0.1,0.01,0.1,10.0,0.1,0.1,0.1,0.005,0.001,0.1,0.1,0.1,0.1,0.1,0.001,0.1,0.1,0.01,0.1,0.1
61.0,10.000002242805145,0.0,0.0,10.001,0.0,100.001,0.0,10.001,0.0,10.001,0.0,0.0,0.0,10.001,0.0,0.0,9.526568092312843,0.4754319076871494,0.8556206930065928,8.928229701036551,9.478241450416368,0.5227585495836332,0.0,0.0,0.0,8.392379196129486,1.6086208038705292,5.5414913747524395,4.459508625247558,1.8571278126878363,10.001,8.143872187312152,0.0,0.0,10.001,0.0,10.001,10.001,0.0,10.001,0.0,10.001,0.0,10.001,0.0,10.001,0.0,0.0,10.001,0.0,0.0,0.0,10.001,0.0,0.0,0.0,0.0,0.0,10.002,0.0,0.21714960595681967,0.0,0.0,1.0,0.0,10.0,0.0,0.0,1.0,0.0,0.0,0.0,1.0,0.1,0.1,0.1,0.1,0.1,0.1,0.1,0.01,10.0,0.1,0.1,0.1,0.01,0.1,0.1,0.1,0.1,0.1,10.0,0.1,0.1,2.5,5.0,2.0,0.1,0.1,0.1,0.01,0.1,10.0,0.1,0.1,0.1,0.4,0.1,0.1,0.1,0.1,0.1,0.1,0.1,0.1,0.1,0.1,0.1,0.1,0.1,0.1,0.2,0.1,0.1,0.1,1.0,0.1,0.1,0.1,1.0,0.1,0.1,0.1,0.1,0.1,0.1,0.1,0.1,0.1,0.01,0.1,10.0,0.1,0.1,0.1,0.005,0.001,0.1,0.1,0.1,0.1,0.1,0.001,0.1,0.1,0.01,0.1,0.1
62.0,10.000002029414535,0.0,0.0,10.001,0.0,100.001,0.0,10.001,0.0,10.001,0.0,0.0,0.0,10.001,0.0,0.0,9.526568057904319,0.4754319420956729,0.8539287100268672,8.92784895714961,9.477286139506509,0.5237138604934922,0.0,0.0,0.0,8.371410638419166,1.6295893615808494,5.507049239648375,4.493950760351622,1.8437969877499765,10.001,8.157203012250012,0.0,0.0,10.001,0.0,10.001,10.001,0.0,10.001,0.0,10.001,0.0,10.001,0.0,10.001,0.0,0.0,10.001,0.0,0.0,0.0,10.001,0.0,0.0,0.0,0.0,0.0,10.002,0.0,0.21922233282348774,0.0,0.0,1.0,0.0,10.0,0.0,0.0,1.0,0.0,0.0,0.0,1.0,0.1,0.1,0.1,0.1,0.1,0.1,0.1,0.01,10.0,0.1,0.1,0.1,0.01,0.1,0.1,0.1,0.1,0.1,10.0,0.1,0.1,2.5,5.0,2.0,0.1,0.1,0.1,0.01,0.1,10.0,0.1,0.1,0.1,0.4,0.1,0.1,0.1,0.1,0.1,0.1,0.1,0.1,0.1,0.1,0.1,0.1,0.1,0.1,0.2,0.1,0.1,0.1,1.0,0.1,0.1,0.1,1.0,0.1,0.1,0.1,0.1,0.1,0.1,0.1,0.1,0.1,0.01,0.1,10.0,0.1,0.1,0.1,0.005,0.001,0.1,0.1,0.1,0.1,0.1,0.001,0.1,0.1,0.01,0.1,0.1
63.0,10.000001836317447,0.0,0.0,10.001,0.0,100.001,0.0,10.001,0.0,10.001,0.0,0.0,0.0,10.001,0.0,0.0,9.526568023215798,0.47543197678419374,0.85233282419894,8.927465196316152,9.476382141772193,0.524617858227809,0.0,0.0,0.0,8.351252932907789,1.6497470670922258,5.4744355380103125,4.526564461989684,1.8313593723008985,10.001,8.16964062769909,0.0,0.0,10.001,0.0,10.001,10.001,0.0,10.001,0.0,10.001,0.0,10.001,0.0,10.001,0.0,0.0,10.001,0.0,0.0,0.0,10.001,0.0,0.0,0.0,0.0,0.0,10.002,0.0,0.2212019794848726,0.0,0.0,1.0,0.0,10.0,0.0,0.0,1.0,0.0,0.0,0.0,1.0,0.1,0.1,0.1,0.1,0.1,0.1,0.1,0.01,10.0,0.1,0.1,0.1,0.01,0.1,0.1,0.1,0.1,0.1,10.0,0.1,0.1,2.5,5.0,2.0,0.1,0.1,0.1,0.01,0.1,10.0,0.1,0.1,0.1,0.4,0.1,0.1,0.1,0.1,0.1,0.1,0.1,0.1,0.1,0.1,0.1,0.1,0.1,0.1,0.2,0.1,0.1,0.1,1.0,0.1,0.1,0.1,1.0,0.1,0.1,0.1,0.1,0.1,0.1,0.1,0.1,0.1,0.01,0.1,10.0,0.1,0.1,0.1,0.005,0.001,0.1,0.1,0.1,0.1,0.1,0.001,0.1,0.1,0.01,0.1,0.1
64.0,10.000001661636226,0.0,0.0,10.001,0.0,100.001,0.0,10.001,0.0,10.001,0.0,0.0,0.0,10.001,0.0,0.0,9.526567988567288,0.4754320114327039,0.8508266836712434,8.92708195036772,9.475526481518585,0.5254735184814173,0.0,0.0,0.0,8.331892601965167,1.6691073980348476,5.443565539554545,4.557434460445453,1.819751500775053,10.001,8.181248499224935,0.0,0.0,10.001,0.0,10.001,10.001,0.0,10.001,0.0,10.001,0.0,10.001,0.0,10.001,0.0,0.0,10.001,0.0,0.0,0.0,10.001,0.0,0.0,0.0,0.0,0.0,10.002,0.0,0.22309136596100138,0.0,0.0,1.0,0.0,10.0,0.0,0.0,1.0,0.0,0.0,0.0,1.0,0.1,0.1,0.1,0.1,0.1,0.1,0.1,0.01,10.0,0.1,0.1,0.1,0.01,0.1,0.1,0.1,0.1,0.1,10.0,0.1,0.1,2.5,5.0,2.0,0.1,0.1,0.1,0.01,0.1,10.0,0.1,0.1,0.1,0.4,0.1,0.1,0.1,0.1,0.1,0.1,0.1,0.1,0.1,0.1,0.1,0.1,0.1,0.1,0.2,0.1,0.1,0.1,1.0,0.1,0.1,0.1,1.0,0.1,0.1,0.1,0.1,0.1,0.1,0.1,0.1,0.1,0.01,0.1,10.0,0.1,0.1,0.1,0.005,0.001,0.1,0.1,0.1,0.1,0.1,0.001,0.1,0.1,0.01,0.1,0.1
65.0,10.000001503571347,0.0,0.0,10.001,0.0,100.001,0.0,10.001,0.0,10.001,0.0,0.0,0.0,10.001,0.0,0.0,9.526567954301095,0.4754320456988972,0.8494036633660501,8.92670299116103,9.474716026825176,0.5262839731748253,0.0,0.0,0.0,8.313314514130255,1.6876854858697607,5.4143600532996885,4.586639946700309,1.8089127483547962,10.001,8.192087251645193,0.0,0.0,10.001,0.0,10.001,10.001,0.0,10.001,0.0,10.001,0.0,10.001,0.0,10.001,0.0,0.0,10.001,0.0,0.0,0.0,10.001,0.0,0.0,0.0,0.0,0.0,10.002,0.0,0.2248933454728859,0.0,0.0,1.0,0.0,10.0,0.0,0.0,1.0,0.0,0.0,0.0,1.0,0.1,0.1,0.1,0.1,0.1,0.1,0.1,0.01,10.0,0.1,0.1,0.1,0.01,0.1,0.1,0.1,0.1,0.1,10.0,0.1,0.1,2.5,5.0,2.0,0.1,0.1,0.1,0.01,0.1,10.0,0.1,0.1,0.1,0.4,0.1,0.1,0.1,0.1,0.1,0.1,0.1,0.1,0.1,0.1,0.1,0.1,0.1,0.1,0.2,0.1,0.1,0.1,1.0,0.1,0.1,0.1,1.0,0.1,0.1,0.1,0.1,0.1,0.1,0.1,0.1,0.1,0.01,0.1,10.0,0.1,0.1,0.1,0.005,0.001,0.1,0.1,0.1,0.1,0.1,0.001,0.1,0.1,0.01,0.1,0.1
66.0,10.000001360532982,0.0,0.0,10.001,0.0,100.001,0.0,10.001,0.0,10.001,0.0,0.0,0.0,10.001,0.0,0.0,9.526567920650695,0.47543207934929615,0.8480582765576216,8.926330887014528,9.473947950506867,0.527052049493134,0.0,0.0,0.0,8.295502115084862,1.7054978849151525,5.386740083774625,4.614259916225373,1.79878791690946,10.001,8.20221208309053,0.0,0.0,10.001,0.0,10.001,10.001,0.0,10.001,0.0,10.001,0.0,10.001,0.0,10.001,0.0,0.0,10.001,0.0,0.0,0.0,10.001,0.0,0.0,0.0,0.0,0.0,10.002,0.0,0.226610836427815,0.0,0.0,1.0,0.0,10.0,0.0,0.0,1.0,0.0,0.0,0.0,1.0,0.1,0.1,0.1,0.1,0.1,0.1,0.1,0.01,10.0,0.1,0.1,0.1,0.01,0.1,0.1,0.1,0.1,0.1,10.0,0.1,0.1,2.5,5.0,2.0,0.1,0.1,0.1,0.01,0.1,10.0,0.1,0.1,0.1,0.4,0.1,0.1,0.1,0.1,0.1,0.1,0.1,0.1,0.1,0.1,0.1,0.1,0.1,0.1,0.2,0.1,0.1,0.1,1.0,0.1,0.1,0.1,1.0,0.1,0.1,0.1,0.1,0.1,0.1,0.1,0.1,0.1,0.01,0.1,10.0,0.1,0.1,0.1,0.005,0.001,0.1,0.1,0.1,0.1,0.1,0.001,0.1,0.1,0.01,0.1,0.1
67.0,10.000001231120928,0.0,0.0,10.001,0.0,100.001,0.0,10.001,0.0,10.001,0.0,0.0,0.0,10.001,0.0,0.0,9.526567887736206,0.4754321122637846,0.8467862282079693,8.92596694807069,9.473219513776653,0.5277804862233488,0.0,0.0,0.0,8.278437618861082,1.722562381138934,5.360626994038097,4.640373005961901,1.7893265940655616,10.001,8.211673405934429,0.0,0.0,10.001,0.0,10.001,10.001,0.0,10.001,0.0,10.001,0.0,10.001,0.0,10.001,0.0,0.0,10.001,0.0,0.0,0.0,10.001,0.0,0.0,0.0,0.0,0.0,10.002,0.0,0.2282468237213071,0.0,0.0,1.0,0.0,10.0,0.0,0.0,1.0,0.0,0.0,0.0,1.0,0.1,0.1,0.1,0.1,0.1,0.1,0.1,0.01,10.0,0.1,0.1,0.1,0.01,0.1,0.1,0.1,0.1,0.1,10.0,0.1,0.1,2.5,5.0,2.0,0.1,0.1,0.1,0.01,0.1,10.0,0.1,0.1,0.1,0.4,0.1,0.1,0.1,0.1,0.1,0.1,0.1,0.1,0.1,0.1,0.1,0.1,0.1,0.1,0.2,0.1,0.1,0.1,1.0,0.1,0.1,0.1,1.0,0.1,0.1,0.1,0.1,0.1,0.1,0.1,0.1,0.1,0.01,0.1,10.0,0.1,0.1,0.1,0.005,0.001,0.1,0.1,0.1,0.1,0.1,0.001,0.1,0.1,0.01,0.1,0.1
68.0,10.000001113993452,0.0,0.0,10.001,0.0,100.001,0.0,10.001,0.0,10.001,0.0,0.0,0.0,10.001,0.0,0.0,9.526567855721117,0.47543214427887487,0.8455828112726389,8.925612964734606,9.47252806864197,0.5284719313580307,0.0,0.0,0.0,8.262102417622142,1.7388975823778734,5.33594766522841,4.6650523347715875,1.780480740620149,10.001,8.22051925937984,0.0,0.0,10.001,0.0,10.001,10.001,0.0,10.001,0.0,10.001,0.0,10.001,0.0,10.001,0.0,0.0,10.001,0.0,0.0,0.0,10.001,0.0,0.0,0.0,0.0,0.0,10.002,0.0,0.22980422399272002,0.0,0.0,1.0,0.0,10.0,0.0,0.0,1.0,0.0,0.0,0.0,1.0,0.1,0.1,0.1,0.1,0.1,0.1,0.1,0.01,10.0,0.1,0.1,0.1,0.01,0.1,0.1,0.1,0.1,0.1,10.0,0.1,0.1,2.5,5.0,2.0,0.1,0.1,0.1,0.01,0.1,10.0,0.1,0.1,0.1,0.4,0.1,0.1,0.1,0.1,0.1,0.1,0.1,0.1,0.1,0.1,0.1,0.1,0.1,0.1,0.2,0.1,0.1,0.1,1.0,0.1,0.1,0.1,1.0,0.1,0.1,0.1,0.1,0.1,0.1,0.1,0.1,0.1,0.01,0.1,10.0,0.1,0.1,0.1,0.005,0.001,0.1,0.1,0.1,0.1,0.1,0.001,0.1,0.1,0.01,0.1,0.1
69.0,10.000001008019858,0.0,0.0,10.001,0.0,100.001,0.0,10.001,0.0,10.001,0.0,0.0,0.0,10.001,0.0,0.0,9.526567824716865,0.4754321752831269,0.8444437754820976,8.92527019301965,9.471872120385141,0.5291278796148606,0.0,0.0,0.0,8.246476738261096,1.7545232617389181,5.312629439424777,4.688370560575221,1.7722094270290634,10.001,8.228790572970926,0.0,0.0,10.001,0.0,10.001,10.001,0.0,10.001,0.0,10.001,0.0,10.001,0.0,10.001,0.0,0.0,10.001,0.0,0.0,0.0,10.001,0.0,0.0,0.0,0.0,0.0,10.002,0.0,0.23128603149821717,0.0,0.0,1.0,0.0,10.0,0.0,0.0,1.0,0.0,0.0,0.0,1.0,0.1,0.1,0.1,0.1,0.1,0.1,0.1,0.01,10.0,0.1,0.1,0.1,0.01,0.1,0.1,0.1,0.1,0.1,10.0,0.1,0.1,2.5,5.0,2.0,0.1,0.1,0.1,0.01,0.1,10.0,0.1,0.1,0.1,0.4,0.1,0.1,0.1,0.1,0.1,0.1,0.1,0.1,0.1,0.1,0.1,0.1,0.1,0.1,0.2,0.1,0.1,0.1,1.0,0.1,0.1,0.1,1.0,0.1,0.1,0.1,0.1,0.1,0.1,0.1,0.1,0.1,0.01,0.1,10.0,0.1,0.1,0.1,0.005,0.001,0.1,0.1,0.1,0.1,0.1,0.001,0.1,0.1,0.01,0.1,0.1
70.0,10.000000912118468,0.0,0.0,10.001,0.0,100.001,0.0,10.001,0.0,10.001,0.0,0.0,0.0,10.001,0.0,0.0,9.526567794810287,0.4754322051897061,0.8433652391599211,8.92493959534405,9.47124963907612,0.5297503609238813,0.0,0.0,0.0,8.231540532009742,1.7694594679902726,5.290603813222599,4.710396186777398,1.7644727355011236,10.001,8.236527264498866,0.0,0.0,10.001,0.0,10.001,10.001,0.0,10.001,0.0,10.001,0.0,10.001,0.0,10.001,0.0,0.0,10.001,0.0,0.0,0.0,10.001,0.0,0.0,0.0,0.0,0.0,10.002,0.0,0.23269516549599387,0.0,0.0,1.0,0.0,10.0,0.0,0.0,1.0,0.0,0.0,0.0,1.0,0.1,0.1,0.1,0.1,0.1,0.1,0.1,0.01,10.0,0.1,0.1,0.1,0.01,0.1,0.1,0.1,0.1,0.1,10.0,0.1,0.1,2.5,5.0,2.0,0.1,0.1,0.1,0.01,0.1,10.0,0.1,0.1,0.1,0.4,0.1,0.1,0.1,0.1,0.1,0.1,0.1,0.1,0.1,0.1,0.1,0.1,0.1,0.1,0.2,0.1,0.1,0.1,1.0,0.1,0.1,0.1,1.0,0.1,0.1,0.1,0.1,0.1,0.1,0.1,0.1,0.1,0.01,0.1,10.0,0.1,0.1,0.1,0.005,0.001,0.1,0.1,0.1,0.1,0.1,0.001,0.1,0.1,0.01,0.1,0.1
71.0,10.000000825332734,0.0,0.0,10.001,0.0,100.001,0.0,10.001,0.0,10.001,0.0,0.0,0.0,10.001,0.0,0.0,9.526567766062021,0.47543223393797107,0.8423436590075147,8.924621837804235,9.47065894245558,0.5303410575444206,0.0,0.0,0.0,8.217273079602167,1.7837269203978472,5.269804192913026,4.731195807086972,1.7572335164875124,10.001,8.243766483512477,0.0,0.0,10.001,0.0,10.001,10.001,0.0,10.001,0.0,10.001,0.0,10.001,0.0,10.001,0.0,0.0,10.001,0.0,0.0,0.0,10.001,0.0,0.0,0.0,0.0,0.0,10.002,0.0,0.2340345031882151,0.0,0.0,1.0,0.0,10.0,0.0,0.0,1.0,0.0,0.0,0.0,1.0,0.1,0.1,0.1,0.1,0.1,0.1,0.1,0.01,10.0,0.1,0.1,0.1,0.01,0.1,0.1,0.1,0.1,0.1,10.0,0.1,0.1,2.5,5.0,2.0,0.1,0.1,0.1,0.01,0.1,10.0,0.1,0.1,0.1,0.4,0.1,0.1,0.1,0.1,0.1,0.1,0.1,0.1,0.1,0.1,0.1,0.1,0.1,0.1,0.2,0.1,0.1,0.1,1.0,0.1,0.1,0.1,1.0,0.1,0.1,0.1,0.1,0.1,0.1,0.1,0.1,0.1,0.01,0.1,10.0,0.1,0.1,0.1,0.005,0.001,0.1,0.1,0.1,0.1,0.1,0.001,0.1,0.1,0.01,0.1,0.1
72.0,10.000000746808288,0.0,0.0,10.001,0.0,100.001,0.0,10.001,0.0,10.001,0.0,0.0,0.0,10.001,0.0,0.0,9.526567738506214,0.4754322614937775,0.8413758940302785,8.924317266995876,9.470098412148067,0.5309015878519348,0.0,0.0,0.0,8.20365317225587,1.797346827744144,5.250165969903052,4.750834030096946,1.750455792076328,10.001,8.250544207923662,0.0,0.0,10.001,0.0,10.001,10.001,0.0,10.001,0.0,10.001,0.0,10.001,0.0,10.001,0.0,0.0,10.001,0.0,0.0,0.0,10.001,0.0,0.0,0.0,0.0,0.0,10.002,0.0,0.23530683897380889,0.0,0.0,1.0,0.0,10.0,0.0,0.0,1.0,0.0,0.0,0.0,1.0,0.1,0.1,0.1,0.1,0.1,0.1,0.1,0.01,10.0,0.1,0.1,0.1,0.01,0.1,0.1,0.1,0.1,0.1,10.0,0.1,0.1,2.5,5.0,2.0,0.1,0.1,0.1,0.01,0.1,10.0,0.1,0.1,0.1,0.4,0.1,0.1,0.1,0.1,0.1,0.1,0.1,0.1,0.1,0.1,0.1,0.1,0.1,0.1,0.2,0.1,0.1,0.1,1.0,0.1,0.1,0.1,1.0,0.1,0.1,0.1,0.1,0.1,0.1,0.1,0.1,0.1,0.01,0.1,10.0,0.1,0.1,0.1,0.005,0.001,0.1,0.1,0.1,0.1,0.1,0.001,0.1,0.1,0.01,0.1,0.1
73.0,10.000000675748481,0.0,0.0,10.001,0.0,100.001,0.0,10.001,0.0,10.001,0.0,0.0,0.0,10.001,0.0,0.0,9.526567712189474,0.47543228781051866,0.840458703992404,8.924026389026668,9.46956668442715,0.5314333155728516,0.0,0.0,0.0,8.190659709227043,1.8103402907729707,5.231628554097983,4.7693714459020145,1.744106674231331,10.001,8.256893325768658,0.0,0.0,10.001,0.0,10.001,10.001,0.0,10.001,0.0,10.001,0.0,10.001,0.0,10.001,0.0,0.0,10.001,0.0,0.0,0.0,10.001,0.0,0.0,0.0,0.0,0.0,10.002,0.0,0.23651490698089173,0.0,0.0,1.0,0.0,10.0,0.0,0.0,1.0,0.0,0.0,0.0,1.0,0.1,0.1,0.1,0.1,0.1,0.1,0.1,0.01,10.0,0.1,0.1,0.1,0.01,0.1,0.1,0.1,0.1,0.1,10.0,0.1,0.1,2.5,5.0,2.0,0.1,0.1,0.1,0.01,0.1,10.0,0.1,0.1,0.1,0.4,0.1,0.1,0.1,0.1,0.1,0.1,0.1,0.1,0.1,0.1,0.1,0.1,0.1,0.1,0.2,0.1,0.1,0.1,1.0,0.1,0.1,0.1,1.0,0.1,0.1,0.1,0.1,0.1,0.1,0.1,0.1,0.1,0.01,0.1,10.0,0.1,0.1,0.1,0.005,0.001,0.1,0.1,0.1,0.1,0.1,0.001,0.1,0.1,0.01,0.1,0.1
74.0,10.0000006114594,0.0,0.0,10.001,0.0,100.001,0.0,10.001,0.0,10.001,0.0,0.0,0.0,10.001,0.0,0.0,9.52656768704935,0.4754323129506415,0.8395898487072034,8.923748526438995,9.469061919443286,0.5319380805567165,0.0,0.0,0.0,8.178270896944818,1.8227291030551962,5.2141323870509995,4.786867612948998,1.7381617418268245,10.001,8.262838258173165,0.0,0.0,10.001,0.0,10.001,10.001,0.0,10.001,0.0,10.001,0.0,10.001,0.0,10.001,0.0,0.0,10.001,0.0,0.0,0.0,10.001,0.0,0.0,0.0,0.0,0.0,10.002,0.0,0.23766162485376563,0.0,0.0,1.0,0.0,10.0,0.0,0.0,1.0,0.0,0.0,0.0,1.0,0.1,0.1,0.1,0.1,0.1,0.1,0.1,0.01,10.0,0.1,0.1,0.1,0.01,0.1,0.1,0.1,0.1,0.1,10.0,0.1,0.1,2.5,5.0,2.0,0.1,0.1,0.1,0.01,0.1,10.0,0.1,0.1,0.1,0.4,0.1,0.1,0.1,0.1,0.1,0.1,0.1,0.1,0.1,0.1,0.1,0.1,0.1,0.1,0.2,0.1,0.1,0.1,1.0,0.1,0.1,0.1,1.0,0.1,0.1,0.1,0.1,0.1,0.1,0.1,0.1,0.1,0.01,0.1,10.0,0.1,0.1,0.1,0.005,0.001,0.1,0.1,0.1,0.1,0.1,0.001,0.1,0.1,0.01,0.1,0.1
75.0,10.000000553286354,0.0,0.0,10.001,0.0,100.001,0.0,10.001,0.0,10.001,0.0,0.0,0.0,10.001,0.0,0.0,9.526567663068413,0.4754323369315783,0.8387668447426797,8.923483472473508,9.46858254915828,0.5324174508417221,0.0,0.0,0.0,8.16646538925456,1.8345346107454543,5.197621589557795,4.803378410442202,1.7325945779358578,10.001,8.26840542206413,0.0,0.0,10.001,0.0,10.001,10.001,0.0,10.001,0.0,10.001,0.0,10.001,0.0,10.001,0.0,0.0,10.001,0.0,0.0,0.0,10.001,0.0,0.0,0.0,0.0,0.0,10.002,0.0,0.23874968278377623,0.0,0.0,1.0,0.0,10.0,0.0,0.0,1.0,0.0,0.0,0.0,1.0,0.1,0.1,0.1,0.1,0.1,0.1,0.1,0.01,10.0,0.1,0.1,0.1,0.01,0.1,0.1,0.1,0.1,0.1,10.0,0.1,0.1,2.5,5.0,2.0,0.1,0.1,0.1,0.01,0.1,10.0,0.1,0.1,0.1,0.4,0.1,0.1,0.1,0.1,0.1,0.1,0.1,0.1,0.1,0.1,0.1,0.1,0.1,0.1,0.2,0.1,0.1,0.1,1.0,0.1,0.1,0.1,1.0,0.1,0.1,0.1,0.1,0.1,0.1,0.1,0.1,0.1,0.01,0.1,10.0,0.1,0.1,0.1,0.005,0.001,0.1,0.1,0.1,0.1,0.1,0.001,0.1,0.1,0.01,0.1,0.1
76.0,10.000000500647479,0.0,0.0,10.001,0.0,100.001,0.0,10.001,0.0,10.001,0.0,0.0,0.0,10.001,0.0,0.0,9.52656764022431,0.4754323597756839,0.8379873316530069,8.923230984356742,9.468127237547378,0.5328727624526232,0.0,0.0,0.0,8.155221778527043,1.845778221472972,5.18204287483957,4.818957125160428,1.7273797940823057,10.001,8.273620205917684,0.0,0.0,10.001,0.0,10.001,10.001,0.0,10.001,0.0,10.001,0.0,10.001,0.0,10.001,0.0,0.0,10.001,0.0,0.0,0.0,10.001,0.0,0.0,0.0,0.0,0.0,10.002,0.0,0.23978168399021496,0.0,0.0,1.0,0.0,10.0,0.0,0.0,1.0,0.0,0.0,0.0,1.0,0.1,0.1,0.1,0.1,0.1,0.1,0.1,0.01,10.0,0.1,0.1,0.1,0.01,0.1,0.1,0.1,0.1,0.1,10.0,0.1,0.1,2.5,5.0,2.0,0.1,0.1,0.1,0.01,0.1,10.0,0.1,0.1,0.1,0.4,0.1,0.1,0.1,0.1,0.1,0.1,0.1,0.1,0.1,0.1,0.1,0.1,0.1,0.1,0.2,0.1,0.1,0.1,1.0,0.1,0.1,0.1,1.0,0.1,0.1,0.1,0.1,0.1,0.1,0.1,0.1,0.1,0.01,0.1,10.0,0.1,0.1,0.1,0.005,0.001,0.1,0.1,0.1,0.1,0.1,0.001,0.1,0.1,0.01,0.1,0.1
77.0,10.000000453023928,0.0,0.0,10.001,0.0,100.001,0.0,10.001,0.0,10.001,0.0,0.0,0.0,10.001,0.0,0.0,9.526567618524812,0.47543238147518024,0.837248787012267,8.922991167696157,9.46769511803602,0.5333048819639826,0.0,0.0,0.0,8.144518810991322,1.856481189008693,5.167345955402313,4.833654044597685,1.7224901770021008,10.001,8.27850982299789,0.0,0.0,10.001,0.0,10.001,10.001,0.0,10.001,0.0,10.001,0.0,10.001,0.0,10.001,0.0,0.0,10.001,0.0,0.0,0.0,10.001,0.0,0.0,0.0,0.0,0.0,10.002,0.0,0.24076004529153985,0.0,0.0,1.0,0.0,10.0,0.0,0.0,1.0,0.0,0.0,0.0,1.0,0.1,0.1,0.1,0.1,0.1,0.1,0.1,0.01,10.0,0.1,0.1,0.1,0.01,0.1,0.1,0.1,0.1,0.1,10.0,0.1,0.1,2.5,5.0,2.0,0.1,0.1,0.1,0.01,0.1,10.0,0.1,0.1,0.1,0.4,0.1,0.1,0.1,0.1,0.1,0.1,0.1,0.1,0.1,0.1,0.1,0.1,0.1,0.1,0.2,0.1,0.1,0.1,1.0,0.1,0.1,0.1,1.0,0.1,0.1,0.1,0.1,0.1,0.1,0.1,0.1,0.1,0.01,0.1,10.0,0.1,0.1,0.1,0.005,0.001,0.1,0.1,0.1,0.1,0.1,0.001,0.1,0.1,0.01,0.1,0.1
78.0,10.000000409923398,0.0,0.0,10.001,0.0,100.001,0.0,10.001,0.0,10.001,0.0,0.0,0.0,10.001,0.0,0.0,9.526567597946837,0.4754324020531546,0.8365490361825666,8.922763783917437,9.467284962206334,0.5337150377936684,0.0,0.0,0.0,8.134335665697533,1.8666643343024822,5.153483076630673,4.847516923369325,1.7179026039684708,10.001,8.283097396031517,0.0,0.0,10.001,0.0,10.001,10.001,0.0,10.001,0.0,10.001,0.0,10.001,0.0,10.001,0.0,0.0,10.001,0.0,0.0,0.0,10.001,0.0,0.0,0.0,0.0,0.0,10.002,0.0,0.24168717989995903,0.0,0.0,1.0,0.0,10.0,0.0,0.0,1.0,0.0,0.0,0.0,1.0,0.1,0.1,0.1,0.1,0.1,0.1,0.1,0.01,10.0,0.1,0.1,0.1,0.01,0.1,0.1,0.1,0.1,0.1,10.0,0.1,0.1,2.5,5.0,2.0,0.1,0.1,0.1,0.01,0.1,10.0,0.1,0.1,0.1,0.4,0.1,0.1,0.1,0.1,0.1,0.1,0.1,0.1,0.1,0.1,0.1,0.1,0.1,0.1,0.2,0.1,0.1,0.1,1.0,0.1,0.1,0.1,1.0,0.1,0.1,0.1,0.1,0.1,0.1,0.1,0.1,0.1,0.01,0.1,10.0,0.1,0.1,0.1,0.005,0.001,0.1,0.1,0.1,0.1,0.1,0.001,0.1,0.1,0.01,0.1,0.1
79.0,10.000000370930325,0.0,0.0,10.001,0.0,100.001,0.0,10.001,0.0,10.001,0.0,0.0,0.0,10.001,0.0,0.0,9.526567578437177,0.47543242156281595,0.8358861705472973,8.922548199656283,9.466895715887452,0.534104284112551,0.0,0.0,0.0,8.124651363926276,1.876348636073739,5.140407235732065,4.860592764267933,1.7136013109742714,10.001,8.287398689025716,0.0,0.0,10.001,0.0,10.001,10.001,0.0,10.001,0.0,10.001,0.0,10.001,0.0,10.001,0.0,0.0,10.001,0.0,0.0,0.0,10.001,0.0,0.0,0.0,0.0,0.0,10.002,0.0,0.24256562979638124,0.0,0.0,1.0,0.0,10.0,0.0,0.0,1.0,0.0,0.0,0.0,1.0,0.1,0.1,0.1,0.1,0.1,0.1,0.1,0.01,10.0,0.1,0.1,0.1,0.01,0.1,0.1,0.1,0.1,0.1,10.0,0.1,0.1,2.5,5.0,2.0,0.1,0.1,0.1,0.01,0.1,10.0,0.1,0.1,0.1,0.4,0.1,0.1,0.1,0.1,0.1,0.1,0.1,0.1,0.1,0.1,0.1,0.1,0.1,0.1,0.2,0.1,0.1,0.1,1.0,0.1,0.1,0.1,1.0,0.1,0.1,0.1,0.1,0.1,0.1,0.1,0.1,0.1,0.01,0.1,10.0,0.1,0.1,0.1,0.005,0.001,0.1,0.1,0.1,0.1,0.1,0.001,0.1,0.1,0.01,0.1,0.1
80.0,10.000000335643506,0.0,0.0,10.001,0.0,100.001,0.0,10.001,0.0,10.001,0.0,0.0,0.0,10.001,0.0,0.0,9.526567559984956,0.4754324400150364,0.8352580385115808,8.922344289219726,9.466526543118638,0.5344734568813632,0.0,0.0,0.0,8.11544571835345,1.8855542816465638,5.12807515038091,4.872924849619087,1.7095666240013638,10.001,8.291433375998624,0.0,0.0,10.001,0.0,10.001,10.001,0.0,10.001,0.0,10.001,0.0,10.001,0.0,10.001,0.0,0.0,10.001,0.0,0.0,0.0,10.001,0.0,0.0,0.0,0.0,0.0,10.002,0.0,0.24339767226865475,0.0,0.0,1.0,0.0,10.0,0.0,0.0,1.0,0.0,0.0,0.0,1.0,0.1,0.1,0.1,0.1,0.1,0.1,0.1,0.01,10.0,0.1,0.1,0.1,0.01,0.1,0.1,0.1,0.1,0.1,10.0,0.1,0.1,2.5,5.0,2.0,0.1,0.1,0.1,0.01,0.1,10.0,0.1,0.1,0.1,0.4,0.1,0.1,0.1,0.1,0.1,0.1,0.1,0.1,0.1,0.1,0.1,0.1,0.1,0.1,0.2,0.1,0.1,0.1,1.0,0.1,0.1,0.1,1.0,0.1,0.1,0.1,0.1,0.1,0.1,0.1,0.1,0.1,0.01,0.1,10.0,0.1,0.1,0.1,0.005,0.001,0.1,0.1,0.1,0.1,0.1,0.001,0.1,0.1,0.01,0.1,0.1
81.0,10.000000303710152,0.0,0.0,10.001,0.0,100.001,0.0,10.001,0.0,10.001,0.0,0.0,0.0,10.001,0.0,0.0,9.526567542554652,0.47543245744533863,0.8346628297563596,8.922151659526786,9.466176499896509,0.5348235001034923,0.0,0.0,0.0,8.106698835301538,1.8943011646984773,5.116445766627326,4.884554233372672,1.7057804936859204,10.001,8.29521950631407,0.0,0.0,10.001,0.0,10.001,10.001,0.0,10.001,0.0,10.001,0.0,10.001,0.0,10.001,0.0,0.0,10.001,0.0,0.0,0.0,10.001,0.0,0.0,0.0,0.0,0.0,10.002,0.0,0.24418551071681685,0.0,0.0,1.0,0.0,10.0,0.0,0.0,1.0,0.0,0.0,0.0,1.0,0.1,0.1,0.1,0.1,0.1,0.1,0.1,0.01,10.0,0.1,0.1,0.1,0.01,0.1,0.1,0.1,0.1,0.1,10.0,0.1,0.1,2.5,5.0,2.0,0.1,0.1,0.1,0.01,0.1,10.0,0.1,0.1,0.1,0.4,0.1,0.1,0.1,0.1,0.1,0.1,0.1,0.1,0.1,0.1,0.1,0.1,0.1,0.1,0.2,0.1,0.1,0.1,1.0,0.1,0.1,0.1,1.0,0.1,0.1,0.1,0.1,0.1,0.1,0.1,0.1,0.1,0.01,0.1,10.0,0.1,0.1,0.1,0.005,0.001,0.1,0.1,0.1,0.1,0.1,0.001,0.1,0.1,0.01,0.1,0.1
82.0,10.000000274816543,0.0,0.0,10.001,0.0,100.001,0.0,10.001,0.0,10.001,0.0,0.0,0.0,10.001,0.0,0.0,9.526567526092908,0.47543247390708293,0.8340990553143074,8.921969747301246,9.4658444974483,0.5351555025517009,0.0,0.0,0.0,8.098391279461726,1.9026087205382887,5.105480734537264,4.895519265462734,1.702224248739148,10.001,8.298775751260841,0.0,0.0,10.001,0.0,10.001,10.001,0.0,10.001,0.0,10.001,0.0,10.001,0.0,10.001,0.0,0.0,10.001,0.0,0.0,0.0,10.001,0.0,0.0,0.0,0.0,0.0,10.002,0.0,0.24493119738441058,0.0,0.0,1.0,0.0,10.0,0.0,0.0,1.0,0.0,0.0,0.0,1.0,0.1,0.1,0.1,0.1,0.1,0.1,0.1,0.01,10.0,0.1,0.1,0.1,0.01,0.1,0.1,0.1,0.1,0.1,10.0,0.1,0.1,2.5,5.0,2.0,0.1,0.1,0.1,0.01,0.1,10.0,0.1,0.1,0.1,0.4,0.1,0.1,0.1,0.1,0.1,0.1,0.1,0.1,0.1,0.1,0.1,0.1,0.1,0.1,0.2,0.1,0.1,0.1,1.0,0.1,0.1,0.1,1.0,0.1,0.1,0.1,0.1,0.1,0.1,0.1,0.1,0.1,0.01,0.1,10.0,0.1,0.1,0.1,0.005,0.001,0.1,0.1,0.1,0.1,0.1,0.001,0.1,0.1,0.01,0.1,0.1
83.0,10.000000248668137,0.0,0.0,10.001,0.0,100.001,0.0,10.001,0.0,10.001,0.0,0.0,0.0,10.001,0.0,0.0,9.52656751056115,0.4754324894388385,0.8335651204520407,8.921798125572673,9.465529630447497,0.5354703695525042,0.0,0.0,0.0,8.090504262500627,1.9104957374993892,5.095143475414562,4.9058565245854355,1.6988819264146549,10.001,8.302118073585335,0.0,0.0,10.001,0.0,10.001,10.001,0.0,10.001,0.0,10.001,0.0,10.001,0.0,10.001,0.0,0.0,10.001,0.0,0.0,0.0,10.001,0.0,0.0,0.0,0.0,0.0,10.002,0.0,0.24563675397525128,0.0,0.0,1.0,0.0,10.0,0.0,0.0,1.0,0.0,0.0,0.0,1.0,0.1,0.1,0.1,0.1,0.1,0.1,0.1,0.01,10.0,0.1,0.1,0.1,0.01,0.1,0.1,0.1,0.1,0.1,10.0,0.1,0.1,2.5,5.0,2.0,0.1,0.1,0.1,0.01,0.1,10.0,0.1,0.1,0.1,0.4,0.1,0.1,0.1,0.1,0.1,0.1,0.1,0.1,0.1,0.1,0.1,0.1,0.1,0.1,0.2,0.1,0.1,0.1,1.0,0.1,0.1,0.1,1.0,0.1,0.1,0.1,0.1,0.1,0.1,0.1,0.1,0.1,0.01,0.1,10.0,0.1,0.1,0.1,0.005,0.001,0.1,0.1,0.1,0.1,0.1,0.001,0.1,0.1,0.01,0.1,0.1
84.0,10.000000225009762,0.0,0.0,10.001,0.0,100.001,0.0,10.001,0.0,10.001,0.0,0.0,0.0,10.001,0.0,0.0,9.526567495899618,0.47543250410037163,0.8330595077801383,8.921636111698499,9.465231090156276,0.5357689098437255,0.0,0.0,0.0,8.083018917922827,1.9179810820771883,5.085397014655632,4.915602985344366,1.6957452649391138,10.001,8.305254735060876,0.0,0.0,10.001,0.0,10.001,10.001,0.0,10.001,0.0,10.001,0.0,10.001,0.0,10.001,0.0,0.0,10.001,0.0,0.0,0.0,10.001,0.0,0.0,0.0,0.0,0.0,10.002,0.0,0.24630438052132664,0.0,0.0,1.0,0.0,10.0,0.0,0.0,1.0,0.0,0.0,0.0,1.0,0.1,0.1,0.1,0.1,0.1,0.1,0.1,0.01,10.0,0.1,0.1,0.1,0.01,0.1,0.1,0.1,0.1,0.1,10.0,0.1,0.1,2.5,5.0,2.0,0.1,0.1,0.1,0.01,0.1,10.0,0.1,0.1,0.1,0.4,0.1,0.1,0.1,0.1,0.1,0.1,0.1,0.1,0.1,0.1,0.1,0.1,0.1,0.1,0.2,0.1,0.1,0.1,1.0,0.1,0.1,0.1,1.0,0.1,0.1,0.1,0.1,0.1,0.1,0.1,0.1,0.1,0.01,0.1,10.0,0.1,0.1,0.1,0.005,0.001,0.1,0.1,0.1,0.1,0.1,0.001,0.1,0.1,0.01,0.1,0.1
85.0,10.00000020360146,0.0,0.0,10.001,0.0,100.001,0.0,10.001,0.0,10.001,0.0,0.0,0.0,10.001,0.0,0.0,9.52656748204602,0.4754325179539689,0.8325809408076367,8.9214830200366,9.464947907244568,0.5360520927554345,0.0,0.0,0.0,8.075917350028817,1.925082649971198,5.076207673282507,4.9247923267174905,1.6928031502957246,10.001,8.308196849704267,0.0,0.0,10.001,0.0,10.001,10.001,0.0,10.001,0.0,10.001,0.0,10.001,0.0,10.001,0.0,0.0,10.001,0.0,0.0,0.0,10.001,0.0,0.0,0.0,0.0,0.0,10.002,0.0,0.24693603915572815,0.0,0.0,1.0,0.0,10.0,0.0,0.0,1.0,0.0,0.0,0.0,1.0,0.1,0.1,0.1,0.1,0.1,0.1,0.1,0.01,10.0,0.1,0.1,0.1,0.01,0.1,0.1,0.1,0.1,0.1,10.0,0.1,0.1,2.5,5.0,2.0,0.1,0.1,0.1,0.01,0.1,10.0,0.1,0.1,0.1,0.4,0.1,0.1,0.1,0.1,0.1,0.1,0.1,0.1,0.1,0.1,0.1,0.1,0.1,0.1,0.2,0.1,0.1,0.1,1.0,0.1,0.1,0.1,1.0,0.1,0.1,0.1,0.1,0.1,0.1,0.1,0.1,0.1,0.01,0.1,10.0,0.1,0.1,0.1,0.005,0.001,0.1,0.1,0.1,0.1,0.1,0.001,0.1,0.1,0.01,0.1,0.1
86.0,10.000000184229854,0.0,0.0,10.001,0.0,100.001,0.0,10.001,0.0,10.001,0.0,0.0,0.0,10.001,0.0,0.0,9.526567468964165,0.47543253103582533,0.8321280337702154,8.92133845522461,9.464679346995634,0.5363206530043688,0.0,0.0,0.0,8.069182160900423,1.9318178390995908,5.067544261246932,4.933455738753065,1.6900425225336397,10.001,8.310957477466351,0.0,0.0,10.001,0.0,10.001,10.001,0.0,10.001,0.0,10.001,0.0,10.001,0.0,10.001,0.0,0.0,10.001,0.0,0.0,0.0,10.001,0.0,0.0,0.0,0.0,0.0,10.002,0.0,0.24753351100513776,0.0,0.0,1.0,0.0,10.0,0.0,0.0,1.0,0.0,0.0,0.0,1.0,0.1,0.1,0.1,0.1,0.1,0.1,0.1,0.01,10.0,0.1,0.1,0.1,0.01,0.1,0.1,0.1,0.1,0.1,10.0,0.1,0.1,2.5,5.0,2.0,0.1,0.1,0.1,0.01,0.1,10.0,0.1,0.1,0.1,0.4,0.1,0.1,0.1,0.1,0.1,0.1,0.1,0.1,0.1,0.1,0.1,0.1,0.1,0.1,0.2,0.1,0.1,0.1,1.0,0.1,0.1,0.1,1.0,0.1,0.1,0.1,0.1,0.1,0.1,0.1,0.1,0.1,0.01,0.1,10.0,0.1,0.1,0.1,0.005,0.001,0.1,0.1,0.1,0.1,0.1,0.001,0.1,0.1,0.01,0.1,0.1
87.0,10.000000166703352,0.0,0.0,10.001,0.0,100.001,0.0,10.001,0.0,10.001,0.0,0.0,0.0,10.001,0.0,0.0,9.526567456653726,0.47543254334626417,0.8316992754820642,8.921202430180177,9.464424909028986,0.5365750909710162,0.0,0.0,0.0,8.062796630997855,1.9382033690021585,5.059378848311597,4.941621151688401,1.6874456206230766,10.001,8.313554379376914,0.0,0.0,10.001,0.0,10.001,10.001,0.0,10.001,0.0,10.001,0.0,10.001,0.0,10.001,0.0,0.0,10.001,0.0,0.0,0.0,10.001,0.0,0.0,0.0,0.0,0.0,10.002,0.0,0.24809829433772132,0.0,0.0,1.0,0.0,10.0,0.0,0.0,1.0,0.0,0.0,0.0,1.0,0.1,0.1,0.1,0.1,0.1,0.1,0.1,0.01,10.0,0.1,0.1,0.1,0.01,0.1,0.1,0.1,0.1,0.1,10.0,0.1,0.1,2.5,5.0,2.0,0.1,0.1,0.1,0.01,0.1,10.0,0.1,0.1,0.1,0.4,0.1,0.1,0.1,0.1,0.1,0.1,0.1,0.1,0.1,0.1,0.1,0.1,0.1,0.1,0.2,0.1,0.1,0.1,1.0,0.1,0.1,0.1,1.0,0.1,0.1,0.1,0.1,0.1,0.1,0.1,0.1,0.1,0.01,0.1,10.0,0.1,0.1,0.1,0.005,0.001,0.1,0.1,0.1,0.1,0.1,0.001,0.1,0.1,0.01,0.1,0.1
88.0,10.000000150842443,0.0,0.0,10.001,0.0,100.001,0.0,10.001,0.0,10.001,0.0,0.0,0.0,10.001,0.0,0.0,9.526567445093068,0.4754325549069225,0.8312933225716618,8.921074713416482,9.464183994751536,0.5368160052484656,0.0,0.0,0.0,8.056744579389902,1.944255420610113,5.051683771709741,4.9493162282902565,1.6849997482621162,10.001,8.316000251737874,0.0,0.0,10.001,0.0,10.001,10.001,0.0,10.001,0.0,10.001,0.0,10.001,0.0,10.001,0.0,0.0,10.001,0.0,0.0,0.0,10.001,0.0,0.0,0.0,0.0,0.0,10.002,0.0,0.24863196401181897,0.0,0.0,1.0,0.0,10.0,0.0,0.0,1.0,0.0,0.0,0.0,1.0,0.1,0.1,0.1,0.1,0.1,0.1,0.1,0.01,10.0,0.1,0.1,0.1,0.01,0.1,0.1,0.1,0.1,0.1,10.0,0.1,0.1,2.5,5.0,2.0,0.1,0.1,0.1,0.01,0.1,10.0,0.1,0.1,0.1,0.4,0.1,0.1,0.1,0.1,0.1,0.1,0.1,0.1,0.1,0.1,0.1,0.1,0.1,0.1,0.2,0.1,0.1,0.1,1.0,0.1,0.1,0.1,1.0,0.1,0.1,0.1,0.1,0.1,0.1,0.1,0.1,0.1,0.01,0.1,10.0,0.1,0.1,0.1,0.005,0.001,0.1,0.1,0.1,0.1,0.1,0.001,0.1,0.1,0.01,0.1,0.1
89.0,10.000000136493416,0.0,0.0,10.001,0.0,100.001,0.0,10.001,0.0,10.001,0.0,0.0,0.0,10.001,0.0,0.0,9.526567434195288,0.475432565804703,0.8309091374454143,8.920954308948195,9.46395580427226,0.5370441957277422,0.0,0.0,0.0,8.051009778581738,1.949990221418276,5.0444288925553735,4.956571107444624,1.6827066284936272,10.001,8.318293371506362,0.0,0.0,10.001,0.0,10.001,10.001,0.0,10.001,0.0,10.001,0.0,10.001,0.0,10.001,0.0,0.0,10.001,0.0,0.0,0.0,10.001,0.0,0.0,0.0,0.0,0.0,10.002,0.0,0.24913655360635276,0.0,0.0,1.0,0.0,10.0,0.0,0.0,1.0,0.0,0.0,0.0,1.0,0.1,0.1,0.1,0.1,0.1,0.1,0.1,0.01,10.0,0.1,0.1,0.1,0.01,0.1,0.1,0.1,0.1,0.1,10.0,0.1,0.1,2.5,5.0,2.0,0.1,0.1,0.1,0.01,0.1,10.0,0.1,0.1,0.1,0.4,0.1,0.1,0.1,0.1,0.1,0.1,0.1,0.1,0.1,0.1,0.1,0.1,0.1,0.1,0.2,0.1,0.1,0.1,1.0,0.1,0.1,0.1,1.0,0.1,0.1,0.1,0.1,0.1,0.1,0.1,0.1,0.1,0.01,0.1,10.0,0.1,0.1,0.1,0.005,0.001,0.1,0.1,0.1,0.1,0.1,0.001,0.1,0.1,0.01,0.1,0.1
90.0,10.000000123508702,0.0,0.0,10.001,0.0,100.001,0.0,10.001,0.0,10.001,0.0,0.0,0.0,10.001,0.0,0.0,9.526567423933926,0.47543257606606487,0.8305454394553415,8.920840914361351,9.463739840708675,0.5372601592913271,0.0,0.0,0.0,8.045577008804296,1.9554229911957184,5.03758821083982,4.963411789160178,1.6805588160722946,10.001,8.320441183927695,0.0,0.0,10.001,0.0,10.001,10.001,0.0,10.001,0.0,10.001,0.0,10.001,0.0,10.001,0.0,0.0,10.001,0.0,0.0,0.0,10.001,0.0,0.0,0.0,0.0,0.0,10.002,0.0,0.24961364618327023,0.0,0.0,1.0,0.0,10.0,0.0,0.0,1.0,0.0,0.0,0.0,1.0,0.1,0.1,0.1,0.1,0.1,0.1,0.1,0.01,10.0,0.1,0.1,0.1,0.01,0.1,0.1,0.1,0.1,0.1,10.0,0.1,0.1,2.5,5.0,2.0,0.1,0.1,0.1,0.01,0.1,10.0,0.1,0.1,0.1,0.4,0.1,0.1,0.1,0.1,0.1,0.1,0.1,0.1,0.1,0.1,0.1,0.1,0.1,0.1,0.2,0.1,0.1,0.1,1.0,0.1,0.1,0.1,1.0,0.1,0.1,0.1,0.1,0.1,0.1,0.1,0.1,0.1,0.01,0.1,10.0,0.1,0.1,0.1,0.005,0.001,0.1,0.1,0.1,0.1,0.1,0.001,0.1,0.1,0.01,0.1,0.1
91.0,10.000000111758519,0.0,0.0,10.001,0.0,100.001,0.0,10.001,0.0,10.001,0.0,0.0,0.0,10.001,0.0,0.0,9.526567414273984,0.4754325857260069,0.8302012261942148,8.920734148997735,9.463535436252851,0.5374645637471511,0.0,0.0,0.0,8.040431681908041,1.9605683180919737,5.031138250513177,4.969861749486821,1.6785458988871331,10.001,8.322454101112857,0.0,0.0,10.001,0.0,10.001,10.001,0.0,10.001,0.0,10.001,0.0,10.001,0.0,10.001,0.0,0.0,10.001,0.0,0.0,0.0,10.001,0.0,0.0,0.0,0.0,0.0,10.002,0.0,0.2500646248080119,0.0,0.0,1.0,0.0,10.0,0.0,0.0,1.0,0.0,0.0,0.0,1.0,0.1,0.1,0.1,0.1,0.1,0.1,0.1,0.01,10.0,0.1,0.1,0.1,0.01,0.1,0.1,0.1,0.1,0.1,10.0,0.1,0.1,2.5,5.0,2.0,0.1,0.1,0.1,0.01,0.1,10.0,0.1,0.1,0.1,0.4,0.1,0.1,0.1,0.1,0.1,0.1,0.1,0.1,0.1,0.1,0.1,0.1,0.1,0.1,0.2,0.1,0.1,0.1,1.0,0.1,0.1,0.1,1.0,0.1,0.1,0.1,0.1,0.1,0.1,0.1,0.1,0.1,0.01,0.1,10.0,0.1,0.1,0.1,0.005,0.001,0.1,0.1,0.1,0.1,0.1,0.001,0.1,0.1,0.01,0.1,0.1
92.0,10.000000101127188,0.0,0.0,10.001,0.0,100.001,0.0,10.001,0.0,10.001,0.0,0.0,0.0,10.001,0.0,0.0,9.526567405191107,0.47543259480888267,0.8298757162569004,8.920633779665154,9.463341802949948,0.537658197050054,0.0,0.0,0.0,8.035560023694318,1.9654399763056956,5.025059272998039,4.975940727001959,1.6766499864317628,10.001,8.324350013568228,0.0,0.0,10.001,0.0,10.001,10.001,0.0,10.001,0.0,10.001,0.0,10.001,0.0,10.001,0.0,0.0,10.001,0.0,0.0,0.0,10.001,0.0,0.0,0.0,0.0,0.0,10.002,0.0,0.2504905040779069,0.0,0.0,1.0,0.0,10.0,0.0,0.0,1.0,0.0,0.0,0.0,1.0,0.1,0.1,0.1,0.1,0.1,0.1,0.1,0.01,10.0,0.1,0.1,0.1,0.01,0.1,0.1,0.1,0.1,0.1,10.0,0.1,0.1,2.5,5.0,2.0,0.1,0.1,0.1,0.01,0.1,10.0,0.1,0.1,0.1,0.4,0.1,0.1,0.1,0.1,0.1,0.1,0.1,0.1,0.1,0.1,0.1,0.1,0.1,0.1,0.2,0.1,0.1,0.1,1.0,0.1,0.1,0.1,1.0,0.1,0.1,0.1,0.1,0.1,0.1,0.1,0.1,0.1,0.01,0.1,10.0,0.1,0.1,0.1,0.005,0.001,0.1,0.1,0.1,0.1,0.1,0.001,0.1,0.1,0.01,0.1,0.1
93.0,10.000000091505571,0.0,0.0,10.001,0.0,100.001,0.0,10.001,0.0,10.001,0.0,0.0,0.0,10.001,0.0,0.0,9.52656739664839,0.4754326033516008,0.8295681129965842,8.920539409095841,9.463158213046661,0.5378417869533404,0.0,0.0,0.0,8.030948672633789,1.9700513273662248,5.019330757380612,4.981669242619386,1.6748600744465878,10.001,8.3261399255534,0.0,0.0,10.001,0.0,10.001,10.001,0.0,10.001,0.0,10.001,0.0,10.001,0.0,10.001,0.0,0.0,10.001,0.0,0.0,0.0,10.001,0.0,0.0,0.0,0.0,0.0,10.002,0.0,0.2508924779075358,0.0,0.0,1.0,0.0,10.0,0.0,0.0,1.0,0.0,0.0,0.0,1.0,0.1,0.1,0.1,0.1,0.1,0.1,0.1,0.01,10.0,0.1,0.1,0.1,0.01,0.1,0.1,0.1,0.1,0.1,10.0,0.1,0.1,2.5,5.0,2.0,0.1,0.1,0.1,0.01,0.1,10.0,0.1,0.1,0.1,0.4,0.1,0.1,0.1,0.1,0.1,0.1,0.1,0.1,0.1,0.1,0.1,0.1,0.1,0.1,0.2,0.1,0.1,0.1,1.0,0.1,0.1,0.1,1.0,0.1,0.1,0.1,0.1,0.1,0.1,0.1,0.1,0.1,0.01,0.1,10.0,0.1,0.1,0.1,0.005,0.001,0.1,0.1,0.1,0.1,0.1,0.001,0.1,0.1,0.01,0.1,0.1
94.0,10.00000008280027,0.0,0.0,10.001,0.0,100.001,0.0,10.001,0.0,10.001,0.0,0.0,0.0,10.001,0.0,0.0,9.526567388622624,0.47543261137736825,0.8292771706450551,8.920450739606359,9.46298450363579,0.5380154963642112,0.0,0.0,0.0,8.026584650289857,1.974415349710157,5.013931818323033,4.987068181676965,1.6731764679715393,10.001,8.32782353202845,0.0,0.0,10.001,0.0,10.001,10.001,0.0,10.001,0.0,10.001,0.0,10.001,0.0,10.001,0.0,0.0,10.001,0.0,0.0,0.0,10.001,0.0,0.0,0.0,0.0,0.0,10.002,0.0,0.25127208974854687,0.0,0.0,1.0,0.0,10.0,0.0,0.0,1.0,0.0,0.0,0.0,1.0,0.1,0.1,0.1,0.1,0.1,0.1,0.1,0.01,10.0,0.1,0.1,0.1,0.01,0.1,0.1,0.1,0.1,0.1,10.0,0.1,0.1,2.5,5.0,2.0,0.1,0.1,0.1,0.01,0.1,10.0,0.1,0.1,0.1,0.4,0.1,0.1,0.1,0.1,0.1,0.1,0.1,0.1,0.1,0.1,0.1,0.1,0.1,0.1,0.2,0.1,0.1,0.1,1.0,0.1,0.1,0.1,1.0,0.1,0.1,0.1,0.1,0.1,0.1,0.1,0.1,0.1,0.01,0.1,10.0,0.1,0.1,0.1,0.005,0.001,0.1,0.1,0.1,0.1,0.1,0.001,0.1,0.1,0.01,0.1,0.1
95.0,10.000000074922577,0.0,0.0,10.001,0.0,100.001,0.0,10.001,0.0,10.001,0.0,0.0,0.0,10.001,0.0,0.0,9.526567381091386,0.4754326189086045,0.8290020673302733,8.92036752700667,9.462820147931572,0.5381798520684302,0.0,0.0,0.0,8.022455876489015,1.9785441235109975,5.008845329110332,4.992154670889666,1.6715887299515626,10.001,8.329411270048427,0.0,0.0,10.001,0.0,10.001,10.001,0.0,10.001,0.0,10.001,0.0,10.001,0.0,10.001,0.0,0.0,10.001,0.0,0.0,0.0,10.001,0.0,0.0,0.0,0.0,0.0,10.002,0.0,0.2516304056630185,0.0,0.0,1.0,0.0,10.0,0.0,0.0,1.0,0.0,0.0,0.0,1.0,0.1,0.1,0.1,0.1,0.1,0.1,0.1,0.01,10.0,0.1,0.1,0.1,0.01,0.1,0.1,0.1,0.1,0.1,10.0,0.1,0.1,2.5,5.0,2.0,0.1,0.1,0.1,0.01,0.1,10.0,0.1,0.1,0.1,0.4,0.1,0.1,0.1,0.1,0.1,0.1,0.1,0.1,0.1,0.1,0.1,0.1,0.1,0.1,0.2,0.1,0.1,0.1,1.0,0.1,0.1,0.1,1.0,0.1,0.1,0.1,0.1,0.1,0.1,0.1,0.1,0.1,0.01,0.1,10.0,0.1,0.1,0.1,0.005,0.001,0.1,0.1,0.1,0.1,0.1,0.001,0.1,0.1,0.01,0.1,0.1
96.0,10.000000067794048,0.0,0.0,10.001,0.0,100.001,0.0,10.001,0.0,10.001,0.0,0.0,0.0,10.001,0.0,0.0,9.526567374022944,0.4754326259770482,0.8287419442484492,8.92028942019927,9.462664709177755,0.5383352908222474,0.0,0.0,0.0,8.018550521679886,1.9824494783201285,5.004053371028389,4.9969466289716085,1.6700921941407694,10.001,8.330907805859221,0.0,0.0,10.001,0.0,10.001,10.001,0.0,10.001,0.0,10.001,0.0,10.001,0.0,10.001,0.0,0.0,10.001,0.0,0.0,0.0,10.001,0.0,0.0,0.0,0.0,0.0,10.002,0.0,0.25196863555224275,0.0,0.0,1.0,0.0,10.0,0.0,0.0,1.0,0.0,0.0,0.0,1.0,0.1,0.1,0.1,0.1,0.1,0.1,0.1,0.01,10.0,0.1,0.1,0.1,0.01,0.1,0.1,0.1,0.1,0.1,10.0,0.1,0.1,2.5,5.0,2.0,0.1,0.1,0.1,0.01,0.1,10.0,0.1,0.1,0.1,0.4,0.1,0.1,0.1,0.1,0.1,0.1,0.1,0.1,0.1,0.1,0.1,0.1,0.1,0.1,0.2,0.1,0.1,0.1,1.0,0.1,0.1,0.1,1.0,0.1,0.1,0.1,0.1,0.1,0.1,0.1,0.1,0.1,0.01,0.1,10.0,0.1,0.1,0.1,0.005,0.001,0.1,0.1,0.1,0.1,0.1,0.001,0.1,0.1,0.01,0.1,0.1
97.0,10.000000061344224,0.0,0.0,10.001,0.0,100.001,0.0,10.001,0.0,10.001,0.0,0.0,0.0,10.001,0.0,0.0,9.52656736737455,0.4754326326254425,0.8284960185762047,8.9202159567326,9.462517718000083,0.5384822819999215,0.0,0.0,0.0,8.014857066653251,1.9861429333467635,4.999537726015849,5.001462273984148,1.6686849824029326,10.001,8.332315017597058,0.0,0.0,10.001,0.0,10.001,10.001,0.0,10.001,0.0,10.001,0.0,10.001,0.0,10.001,0.0,0.0,10.001,0.0,0.0,0.0,10.001,0.0,0.0,0.0,0.0,0.0,10.002,0.0,0.25228802469115724,0.0,0.0,1.0,0.0,10.0,0.0,0.0,1.0,0.0,0.0,0.0,1.0,0.1,0.1,0.1,0.1,0.1,0.1,0.1,0.01,10.0,0.1,0.1,0.1,0.01,0.1,0.1,0.1,0.1,0.1,10.0,0.1,0.1,2.5,5.0,2.0,0.1,0.1,0.1,0.01,0.1,10.0,0.1,0.1,0.1,0.4,0.1,0.1,0.1,0.1,0.1,0.1,0.1,0.1,0.1,0.1,0.1,0.1,0.1,0.1,0.2,0.1,0.1,0.1,1.0,0.1,0.1,0.1,1.0,0.1,0.1,0.1,0.1,0.1,0.1,0.1,0.1,0.1,0.01,0.1,10.0,0.1,0.1,0.1,0.005,0.001,0.1,0.1,0.1,0.1,0.1,0.001,0.1,0.1,0.01,0.1,0.1
98.0,10.000000055507444,0.0,0.0,10.001,0.0,100.001,0.0,10.001,0.0,10.001,0.0,0.0,0.0,10.001,0.0,0.0,9.526567361113912,0.4754326388860817,0.8282634245464999,8.920146774530034,9.462378866610385,0.538621133389619,0.0,0.0,0.0,8.011364664415014,1.989635335585001,4.995281645779359,5.0057183542206385,1.6673664327716666,10.001,8.333633567228322,0.0,0.0,10.001,0.0,10.001,10.001,0.0,10.001,0.0,10.001,0.0,10.001,0.0,10.001,0.0,0.0,10.001,0.0,0.0,0.0,10.001,0.0,0.0,0.0,0.0,0.0,10.002,0.0,0.2525898009234284,0.0,0.0,1.0,0.0,10.0,0.0,0.0,1.0,0.0,0.0,0.0,1.0,0.1,0.1,0.1,0.1,0.1,0.1,0.1,0.01,10.0,0.1,0.1,0.1,0.01,0.1,0.1,0.1,0.1,0.1,10.0,0.1,0.1,2.5,5.0,2.0,0.1,0.1,0.1,0.01,0.1,10.0,0.1,0.1,0.1,0.4,0.1,0.1,0.1,0.1,0.1,0.1,0.1,0.1,0.1,0.1,0.1,0.1,0.1,0.1,0.2,0.1,0.1,0.1,1.0,0.1,0.1,0.1,1.0,0.1,0.1,0.1,0.1,0.1,0.1,0.1,0.1,0.1,0.01,0.1,10.0,0.1,0.1,0.1,0.005,0.001,0.1,0.1,0.1,0.1,0.1,0.001,0.1,0.1,0.01,0.1,0.1
99.0,10.000000050226857,0.0,0.0,10.001,0.0,100.001,0.0,10.001,0.0,10.001,0.0,0.0,0.0,10.001,0.0,0.0,9.526567355230096,0.4754326447698972,0.8280436418571459,8.920081756912682,9.46224754730323,0.538752452696774,0.0,0.0,0.0,8.008063088695069,1.9929369113049455,4.991272369960999,5.009727630038999,1.666124132974846,10.001,8.334875867025143,0.0,0.0,10.001,0.0,10.001,10.001,0.0,10.001,0.0,10.001,0.0,10.001,0.0,10.001,0.0,0.0,10.001,0.0,0.0,0.0,10.001,0.0,0.0,0.0,0.0,0.0,10.002,0.0,0.25287460123013505,0.0,0.0,1.0,0.0,10.0,0.0,0.0,1.0,0.0,0.0,0.0,1.0,0.1,0.1,0.1,0.1,0.1,0.1,0.1,0.01,10.0,0.1,0.1,0.1,0.01,0.1,0.1,0.1,0.1,0.1,10.0,0.1,0.1,2.5,5.0,2.0,0.1,0.1,0.1,0.01,0.1,10.0,0.1,0.1,0.1,0.4,0.1,0.1,0.1,0.1,0.1,0.1,0.1,0.1,0.1,0.1,0.1,0.1,0.1,0.1,0.2,0.1,0.1,0.1,1.0,0.1,0.1,0.1,1.0,0.1,0.1,0.1,0.1,0.1,0.1,0.1,0.1,0.1,0.01,0.1,10.0,0.1,0.1,0.1,0.005,0.001,0.1,0.1,0.1,0.1,0.1,0.001,0.1,0.1,0.01,0.1,0.1
100.0,10.000000045448457,0.0,0.0,10.001,0.0,100.001,0.0,10.001,0.0,10.001,0.0,0.0,0.0,10.001,0.0,0.0,9.526567349693828,0.4754326503061652,0.8278360451636466,8.92002058647177,9.462123295788292,0.5388767042117114,0.0,0.0,0.0,8.004942346620304,1.9960576533797119,4.9874951581216544,5.013504841878343,1.6649544858793133,10.001,8.336045514120675,0.0,0.0,10.001,0.0,10.001,10.001,0.0,10.001,0.0,10.001,0.0,10.001,0.0,10.001,0.0,0.0,10.001,0.0,0.0,0.0,10.001,0.0,0.0,0.0,0.0,0.0,10.002,0.0,0.25314336836454554,0.0,0.0,1.0,0.0,10.0,0.0,0.0,1.0,0.0,0.0,0.0,1.0,0.1,0.1,0.1,0.1,0.1,0.1,0.1,0.01,10.0,0.1,0.1,0.1,0.01,0.1,0.1,0.1,0.1,0.1,10.0,0.1,0.1,2.5,5.0,2.0,0.1,0.1,0.1,0.01,0.1,10.0,0.1,0.1,0.1,0.4,0.1,0.1,0.1,0.1,0.1,0.1,0.1,0.1,0.1,0.1,0.1,0.1,0.1,0.1,0.2,0.1,0.1,0.1,1.0,0.1,0.1,0.1,1.0,0.1,0.1,0.1,0.1,0.1,0.1,0.1,0.1,0.1,0.01,0.1,10.0,0.1,0.1,0.1,0.005,0.001,0.1,0.1,0.1,0.1,0.1,0.001,0.1,0.1,0.01,0.1,0.1
